-- phpMyAdmin SQL Dump
-- version 5.2.1
-- https://www.phpmyadmin.net/
--
-- Host: 127.0.0.1
-- Generation Time: Feb 18, 2025 at 08:43 AM
-- Server version: 10.4.32-MariaDB
-- PHP Version: 8.2.12

SET SQL_MODE = "NO_AUTO_VALUE_ON_ZERO";
START TRANSACTION;
SET time_zone = "+00:00";


/*!40101 SET @OLD_CHARACTER_SET_CLIENT=@@CHARACTER_SET_CLIENT */;
/*!40101 SET @OLD_CHARACTER_SET_RESULTS=@@CHARACTER_SET_RESULTS */;
/*!40101 SET @OLD_COLLATION_CONNECTION=@@COLLATION_CONNECTION */;
/*!40101 SET NAMES utf8mb4 */;

--
-- Database: `studentcheck`
--

-- --------------------------------------------------------

--
-- Table structure for table `activity`
--

CREATE TABLE `activity` (
  `checkID` int(11) NOT NULL,
  `stdID` int(11) NOT NULL,
  `checkStatus` float NOT NULL,
  `groupID` int(11) NOT NULL,
  `dateID` int(11) NOT NULL,
  `time` timestamp NOT NULL DEFAULT current_timestamp() ON UPDATE current_timestamp()
) ENGINE=InnoDB DEFAULT CHARSET=utf8mb4 COLLATE=utf8mb4_general_ci;

--
-- Dumping data for table `activity`
--

INSERT INTO `activity` (`checkID`, `stdID`, `checkStatus`, `groupID`, `dateID`, `time`) VALUES
(375, 69, 1, 1, 52, '2025-02-04 19:08:45'),
(376, 70, 1, 1, 52, '2025-02-04 19:08:45'),
(377, 71, 1, 1, 52, '2025-02-04 19:08:45'),
(378, 72, 1, 1, 52, '2025-02-04 19:08:45'),
(379, 73, 1, 1, 52, '2025-02-04 19:08:45'),
(380, 74, 1, 1, 52, '2025-02-04 19:08:45'),
(381, 75, 1, 1, 52, '2025-02-04 19:08:45'),
(382, 76, 1, 1, 52, '2025-02-04 19:08:45'),
(383, 77, 0, 1, 52, '2025-02-04 19:08:45'),
(384, 78, 1, 1, 52, '2025-02-04 19:08:45'),
(385, 79, 1, 1, 52, '2025-02-04 19:08:45'),
(386, 80, 1, 1, 52, '2025-02-04 19:08:45'),
(387, 81, 1, 1, 52, '2025-02-04 19:08:45'),
(388, 82, 1, 1, 52, '2025-02-04 19:08:45'),
(389, 83, 1, 1, 52, '2025-02-04 19:08:45'),
(390, 84, 1, 1, 52, '2025-02-04 19:08:45'),
(391, 85, 0, 1, 52, '2025-02-04 19:08:45'),
(392, 86, 1, 1, 52, '2025-02-04 19:08:45'),
(393, 69, 1, 1, 55, '2025-02-04 19:12:06'),
(394, 70, 1, 1, 55, '2025-02-04 19:12:06'),
(395, 71, 1, 1, 55, '2025-02-04 19:12:06'),
(396, 72, 1, 1, 55, '2025-02-04 19:12:06'),
(397, 73, 0, 1, 55, '2025-02-04 19:12:06'),
(398, 74, 1, 1, 55, '2025-02-04 19:12:06'),
(399, 75, 1, 1, 55, '2025-02-04 19:12:06'),
(400, 76, 1, 1, 55, '2025-02-04 19:12:06'),
(401, 77, 1, 1, 55, '2025-02-04 19:12:06'),
(402, 78, 1, 1, 55, '2025-02-04 19:12:06'),
(403, 79, 1, 1, 55, '2025-02-04 19:12:06'),
(404, 80, 1, 1, 55, '2025-02-04 19:12:06'),
(405, 81, 1, 1, 55, '2025-02-04 19:12:06'),
(406, 82, 1, 1, 55, '2025-02-04 19:12:06'),
(407, 83, 1, 1, 55, '2025-02-04 19:12:06'),
(408, 84, 0, 1, 55, '2025-02-04 19:12:06'),
(409, 85, 0, 1, 55, '2025-02-04 19:12:06'),
(410, 86, 1, 1, 55, '2025-02-04 19:12:06'),
(411, 69, 1, 1, 56, '2025-02-04 19:13:51'),
(412, 70, 1, 1, 56, '2025-02-04 19:13:51'),
(413, 71, 1, 1, 56, '2025-02-04 19:13:51'),
(414, 72, 1, 1, 56, '2025-02-04 19:13:51'),
(415, 73, 0, 1, 56, '2025-02-04 19:13:51'),
(416, 74, 1, 1, 56, '2025-02-04 19:13:51'),
(417, 75, 0, 1, 56, '2025-02-04 19:13:51'),
(418, 76, 1, 1, 56, '2025-02-04 19:13:51'),
(419, 77, 0, 1, 56, '2025-02-04 19:13:51'),
(420, 78, 0, 1, 56, '2025-02-04 19:13:51'),
(421, 79, 1, 1, 56, '2025-02-04 19:13:51'),
(422, 80, 1, 1, 56, '2025-02-04 19:13:52'),
(423, 81, 0, 1, 56, '2025-02-04 19:13:52'),
(424, 82, 1, 1, 56, '2025-02-04 19:13:52'),
(425, 83, 1, 1, 56, '2025-02-04 19:13:52'),
(426, 84, 1, 1, 56, '2025-02-04 19:13:52'),
(427, 85, 0, 1, 56, '2025-02-04 19:13:52'),
(428, 86, 1, 1, 56, '2025-02-04 19:13:52'),
(429, 69, 1, 1, 76, '2025-02-05 02:14:31'),
(430, 70, 1, 1, 76, '2025-02-05 02:14:31'),
(431, 71, 1, 1, 76, '2025-02-05 02:14:31'),
(432, 72, 1, 1, 76, '2025-02-05 02:14:31'),
(433, 73, 0, 1, 76, '2025-02-05 02:14:31'),
(434, 74, 1, 1, 76, '2025-02-05 02:14:31'),
(435, 75, 1, 1, 76, '2025-02-05 02:14:31'),
(436, 76, 1, 1, 76, '2025-02-05 02:14:31'),
(437, 77, 1, 1, 76, '2025-02-05 02:14:31'),
(438, 78, 1, 1, 76, '2025-02-05 02:14:31'),
(439, 79, 1, 1, 76, '2025-02-05 02:14:31'),
(440, 80, 1, 1, 76, '2025-02-05 02:14:31'),
(441, 81, 1, 1, 76, '2025-02-05 02:14:31'),
(442, 82, 1, 1, 76, '2025-02-05 02:14:31'),
(443, 83, 1, 1, 76, '2025-02-05 02:14:31'),
(444, 84, 1, 1, 76, '2025-02-05 02:14:31'),
(445, 85, 0, 1, 76, '2025-02-05 02:14:31'),
(446, 86, 1, 1, 76, '2025-02-05 02:14:31'),
(447, 69, 1, 1, 57, '2025-02-05 02:16:12'),
(448, 70, 1, 1, 57, '2025-02-05 02:16:12'),
(449, 71, 0, 1, 57, '2025-02-05 02:16:12'),
(450, 72, 1, 1, 57, '2025-02-05 02:16:12'),
(451, 73, 1, 1, 57, '2025-02-05 02:16:12'),
(452, 74, 1, 1, 57, '2025-02-05 02:16:12'),
(453, 75, 1, 1, 57, '2025-02-05 02:16:12'),
(454, 76, 1, 1, 57, '2025-02-05 02:16:12'),
(455, 77, 1, 1, 57, '2025-02-05 02:16:12'),
(456, 78, 1, 1, 57, '2025-02-05 02:16:12'),
(457, 79, 1, 1, 57, '2025-02-05 02:16:12'),
(458, 80, 1, 1, 57, '2025-02-05 02:16:12'),
(459, 81, 1, 1, 57, '2025-02-05 02:16:12'),
(460, 82, 0, 1, 57, '2025-02-05 02:16:12'),
(461, 83, 1, 1, 57, '2025-02-05 02:16:12'),
(462, 84, 1, 1, 57, '2025-02-05 02:16:12'),
(463, 85, 0, 1, 57, '2025-02-05 02:16:12'),
(464, 86, 1, 1, 57, '2025-02-05 02:16:12'),
(465, 69, 1, 1, 58, '2025-02-05 02:16:40'),
(466, 70, 1, 1, 58, '2025-02-05 02:16:40'),
(467, 71, 0, 1, 58, '2025-02-05 02:16:40'),
(468, 72, 1, 1, 58, '2025-02-05 02:16:40'),
(469, 73, 1, 1, 58, '2025-02-05 02:16:40'),
(470, 74, 1, 1, 58, '2025-02-05 02:16:40'),
(471, 75, 1, 1, 58, '2025-02-05 02:16:40'),
(472, 76, 1, 1, 58, '2025-02-05 02:16:40'),
(473, 77, 1, 1, 58, '2025-02-05 02:16:40'),
(474, 78, 1, 1, 58, '2025-02-05 02:16:40'),
(475, 79, 1, 1, 58, '2025-02-05 02:16:40'),
(476, 80, 1, 1, 58, '2025-02-05 02:16:40'),
(477, 81, 1, 1, 58, '2025-02-05 02:16:40'),
(478, 82, 0, 1, 58, '2025-02-05 02:16:40'),
(479, 83, 1, 1, 58, '2025-02-05 02:16:40'),
(480, 84, 1, 1, 58, '2025-02-05 02:16:40'),
(481, 85, 0, 1, 58, '2025-02-05 02:16:40'),
(482, 86, 1, 1, 58, '2025-02-05 02:16:40'),
(483, 69, 1, 1, 59, '2025-02-05 02:17:08'),
(484, 70, 1, 1, 59, '2025-02-05 02:17:08'),
(485, 71, 0, 1, 59, '2025-02-05 02:17:08'),
(486, 72, 1, 1, 59, '2025-02-05 02:17:08'),
(487, 73, 0, 1, 59, '2025-02-05 02:17:08'),
(488, 74, 1, 1, 59, '2025-02-05 02:17:08'),
(489, 75, 1, 1, 59, '2025-02-05 02:17:08'),
(490, 76, 1, 1, 59, '2025-02-05 02:17:08'),
(491, 77, 0, 1, 59, '2025-02-05 02:17:08'),
(492, 78, 1, 1, 59, '2025-02-05 02:17:08'),
(493, 79, 1, 1, 59, '2025-02-05 02:17:08'),
(494, 80, 1, 1, 59, '2025-02-05 02:17:08'),
(495, 81, 1, 1, 59, '2025-02-05 02:17:08'),
(496, 82, 1, 1, 59, '2025-02-05 02:17:08'),
(497, 83, 1, 1, 59, '2025-02-05 02:17:08'),
(498, 84, 1, 1, 59, '2025-02-05 02:17:08'),
(499, 85, 1, 1, 59, '2025-02-05 02:17:08'),
(500, 86, 1, 1, 59, '2025-02-05 02:17:08'),
(501, 69, 1, 1, 60, '2025-02-05 02:17:44'),
(502, 70, 1, 1, 60, '2025-02-05 02:17:44'),
(503, 71, 1, 1, 60, '2025-02-05 02:17:44'),
(504, 72, 1, 1, 60, '2025-02-05 02:17:44'),
(505, 73, 1, 1, 60, '2025-02-05 02:17:44'),
(506, 74, 1, 1, 60, '2025-02-05 02:17:44'),
(507, 75, 1, 1, 60, '2025-02-05 02:17:44'),
(508, 76, 1, 1, 60, '2025-02-05 02:17:44'),
(509, 77, 1, 1, 60, '2025-02-05 02:17:44'),
(510, 78, 1, 1, 60, '2025-02-05 02:17:44'),
(511, 79, 1, 1, 60, '2025-02-05 02:17:44'),
(512, 80, 1, 1, 60, '2025-02-05 02:17:44'),
(513, 81, 1, 1, 60, '2025-02-05 02:17:44'),
(514, 82, 0, 1, 60, '2025-02-05 02:17:44'),
(515, 83, 1, 1, 60, '2025-02-05 02:17:44'),
(516, 84, 1, 1, 60, '2025-02-05 02:17:44'),
(517, 85, 0, 1, 60, '2025-02-05 02:17:44'),
(518, 86, 0, 1, 60, '2025-02-05 02:17:44'),
(519, 69, 1, 1, 61, '2025-02-05 02:18:24'),
(520, 70, 1, 1, 61, '2025-02-05 02:18:24'),
(521, 71, 0, 1, 61, '2025-02-05 02:18:24'),
(522, 72, 1, 1, 61, '2025-02-05 02:18:24'),
(523, 73, 0, 1, 61, '2025-02-05 02:18:24'),
(524, 74, 1, 1, 61, '2025-02-05 02:18:24'),
(525, 75, 1, 1, 61, '2025-02-05 02:18:24'),
(526, 76, 1, 1, 61, '2025-02-05 02:18:24'),
(527, 77, 1, 1, 61, '2025-02-05 02:18:24'),
(528, 78, 1, 1, 61, '2025-02-05 02:18:24'),
(529, 79, 1, 1, 61, '2025-02-05 02:18:24'),
(530, 80, 1, 1, 61, '2025-02-05 02:18:24'),
(531, 81, 0, 1, 61, '2025-02-05 02:18:24'),
(532, 82, 1, 1, 61, '2025-02-05 02:18:24'),
(533, 83, 1, 1, 61, '2025-02-05 02:18:24'),
(534, 84, 1, 1, 61, '2025-02-05 02:18:24'),
(535, 85, 0, 1, 61, '2025-02-05 02:18:24'),
(536, 86, 1, 1, 61, '2025-02-05 02:18:24'),
(537, 69, 1, 1, 62, '2025-02-05 02:19:07'),
(538, 70, 0, 1, 62, '2025-02-05 02:19:07'),
(539, 71, 0, 1, 62, '2025-02-05 02:19:07'),
(540, 72, 1, 1, 62, '2025-02-05 02:19:07'),
(541, 73, 1, 1, 62, '2025-02-05 02:19:07'),
(542, 74, 1, 1, 62, '2025-02-05 02:19:07'),
(543, 75, 0, 1, 62, '2025-02-05 02:19:07'),
(544, 76, 1, 1, 62, '2025-02-05 02:19:07'),
(545, 77, 1, 1, 62, '2025-02-05 02:19:07'),
(546, 78, 0, 1, 62, '2025-02-05 02:19:07'),
(547, 79, 1, 1, 62, '2025-02-05 02:19:07'),
(548, 80, 1, 1, 62, '2025-02-05 02:19:07'),
(549, 81, 1, 1, 62, '2025-02-05 02:19:07'),
(550, 82, 0, 1, 62, '2025-02-05 02:19:07'),
(551, 83, 1, 1, 62, '2025-02-05 02:19:07'),
(552, 84, 1, 1, 62, '2025-02-05 02:19:07'),
(553, 85, 0, 1, 62, '2025-02-05 02:19:07'),
(554, 86, 1, 1, 62, '2025-02-05 02:19:07'),
(555, 69, 0, 1, 63, '2025-02-05 02:20:04'),
(556, 70, 0, 1, 63, '2025-02-05 02:20:04'),
(557, 71, 0, 1, 63, '2025-02-05 02:20:04'),
(558, 72, 1, 1, 63, '2025-02-05 02:20:04'),
(559, 73, 0, 1, 63, '2025-02-05 02:20:04'),
(560, 74, 0, 1, 63, '2025-02-05 02:20:04'),
(561, 75, 0, 1, 63, '2025-02-05 02:20:04'),
(562, 76, 0, 1, 63, '2025-02-05 02:20:04'),
(563, 77, 0, 1, 63, '2025-02-05 02:20:04'),
(564, 78, 0, 1, 63, '2025-02-05 02:20:04'),
(565, 79, 0, 1, 63, '2025-02-05 02:20:04'),
(566, 80, 1, 1, 63, '2025-02-05 02:20:04'),
(567, 81, 0, 1, 63, '2025-02-05 02:20:04'),
(568, 82, 0, 1, 63, '2025-02-05 02:20:04'),
(569, 83, 0, 1, 63, '2025-02-05 02:20:04'),
(570, 84, 1, 1, 63, '2025-02-05 02:20:04'),
(571, 85, 0, 1, 63, '2025-02-05 02:20:04'),
(572, 86, 0, 1, 63, '2025-02-05 02:20:04'),
(573, 69, 1, 1, 64, '2025-02-05 02:20:47'),
(574, 70, 1, 1, 64, '2025-02-05 02:20:47'),
(575, 71, 1, 1, 64, '2025-02-05 02:20:47'),
(576, 72, 1, 1, 64, '2025-02-05 02:20:47'),
(577, 73, 1, 1, 64, '2025-02-05 02:20:47'),
(578, 74, 1, 1, 64, '2025-02-05 02:20:47'),
(579, 75, 1, 1, 64, '2025-02-05 02:20:47'),
(580, 76, 0, 1, 64, '2025-02-05 02:20:47'),
(581, 77, 1, 1, 64, '2025-02-05 02:20:47'),
(582, 78, 1, 1, 64, '2025-02-05 02:20:47'),
(583, 79, 1, 1, 64, '2025-02-05 02:20:47'),
(584, 80, 1, 1, 64, '2025-02-05 02:20:47'),
(585, 81, 0, 1, 64, '2025-02-05 02:20:47'),
(586, 82, 0, 1, 64, '2025-02-05 02:20:47'),
(587, 83, 1, 1, 64, '2025-02-05 02:20:47'),
(588, 84, 1, 1, 64, '2025-02-05 02:20:47'),
(589, 85, 0, 1, 64, '2025-02-05 02:20:47'),
(590, 86, 0, 1, 64, '2025-02-05 02:20:47'),
(591, 69, 1, 1, 65, '2025-02-05 02:21:26'),
(592, 70, 1, 1, 65, '2025-02-05 02:21:26'),
(593, 71, 0, 1, 65, '2025-02-05 02:21:26'),
(594, 72, 1, 1, 65, '2025-02-05 02:21:26'),
(595, 73, 0, 1, 65, '2025-02-05 02:21:26'),
(596, 74, 1, 1, 65, '2025-02-05 02:21:26'),
(597, 75, 1, 1, 65, '2025-02-05 02:21:26'),
(598, 76, 1, 1, 65, '2025-02-05 02:21:26'),
(599, 77, 1, 1, 65, '2025-02-05 02:21:26'),
(600, 78, 1, 1, 65, '2025-02-05 02:21:26'),
(601, 79, 1, 1, 65, '2025-02-05 02:21:26'),
(602, 80, 1, 1, 65, '2025-02-05 02:21:26'),
(603, 81, 0, 1, 65, '2025-02-05 02:21:26'),
(604, 82, 0, 1, 65, '2025-02-05 02:21:26'),
(605, 83, 1, 1, 65, '2025-02-05 02:21:26'),
(606, 84, 1, 1, 65, '2025-02-05 02:21:26'),
(607, 85, 0, 1, 65, '2025-02-05 02:21:26'),
(608, 86, 0, 1, 65, '2025-02-05 02:21:26'),
(609, 69, 1, 1, 66, '2025-02-05 02:22:11'),
(610, 70, 1, 1, 66, '2025-02-05 02:22:11'),
(611, 71, 0, 1, 66, '2025-02-05 02:22:11'),
(612, 72, 1, 1, 66, '2025-02-05 02:22:11'),
(613, 73, 0, 1, 66, '2025-02-05 02:22:11'),
(614, 74, 1, 1, 66, '2025-02-05 02:22:11'),
(615, 75, 1, 1, 66, '2025-02-05 02:22:11'),
(616, 76, 1, 1, 66, '2025-02-05 02:22:11'),
(617, 77, 1, 1, 66, '2025-02-05 02:22:11'),
(618, 78, 1, 1, 66, '2025-02-05 02:22:11'),
(619, 79, 1, 1, 66, '2025-02-05 02:22:11'),
(620, 80, 0, 1, 66, '2025-02-05 02:22:11'),
(621, 81, 0, 1, 66, '2025-02-05 02:22:11'),
(622, 82, 0, 1, 66, '2025-02-05 02:22:11'),
(623, 83, 1, 1, 66, '2025-02-05 02:22:11'),
(624, 84, 1, 1, 66, '2025-02-05 02:22:11'),
(625, 85, 1, 1, 66, '2025-02-05 02:22:11'),
(626, 86, 0, 1, 66, '2025-02-05 02:22:11'),
(627, 69, 1, 1, 67, '2025-02-05 02:22:56'),
(628, 70, 1, 1, 67, '2025-02-05 02:22:56'),
(629, 71, 0, 1, 67, '2025-02-05 02:22:56'),
(630, 72, 1, 1, 67, '2025-02-05 02:22:56'),
(631, 73, 1, 1, 67, '2025-02-05 02:22:56'),
(632, 74, 1, 1, 67, '2025-02-05 02:22:56'),
(633, 75, 1, 1, 67, '2025-02-05 02:22:56'),
(634, 76, 1, 1, 67, '2025-02-05 02:22:56'),
(635, 77, 0, 1, 67, '2025-02-05 02:22:56'),
(636, 78, 1, 1, 67, '2025-02-05 02:22:56'),
(637, 79, 1, 1, 67, '2025-02-05 02:22:56'),
(638, 80, 1, 1, 67, '2025-02-05 02:22:56'),
(639, 81, 1, 1, 67, '2025-02-05 02:22:56'),
(640, 82, 0, 1, 67, '2025-02-05 02:22:56'),
(641, 83, 0, 1, 67, '2025-02-05 02:22:56'),
(642, 84, 1, 1, 67, '2025-02-05 02:22:56'),
(643, 85, 0, 1, 67, '2025-02-05 02:22:56'),
(644, 86, 1, 1, 67, '2025-02-05 02:22:57'),
(645, 69, 1, 1, 68, '2025-02-05 02:23:51'),
(646, 70, 0, 1, 68, '2025-02-05 02:23:51'),
(647, 71, 0, 1, 68, '2025-02-05 02:23:51'),
(648, 72, 1, 1, 68, '2025-02-05 02:23:51'),
(649, 73, 1, 1, 68, '2025-02-05 02:23:51'),
(650, 74, 0, 1, 68, '2025-02-05 02:23:51'),
(651, 75, 1, 1, 68, '2025-02-05 02:23:51'),
(652, 76, 1, 1, 68, '2025-02-05 02:23:51'),
(653, 77, 0, 1, 68, '2025-02-05 02:23:51'),
(654, 78, 0, 1, 68, '2025-02-05 02:23:51'),
(655, 79, 0, 1, 68, '2025-02-05 02:23:51'),
(656, 80, 1, 1, 68, '2025-02-05 02:23:51'),
(657, 81, 1, 1, 68, '2025-02-05 02:23:51'),
(658, 82, 0, 1, 68, '2025-02-05 02:23:51'),
(659, 83, 1, 1, 68, '2025-02-05 02:23:51'),
(660, 84, 1, 1, 68, '2025-02-05 02:23:51'),
(661, 85, 0, 1, 68, '2025-02-05 02:23:51'),
(662, 86, 0, 1, 68, '2025-02-05 02:23:51'),
(663, 69, 0, 1, 69, '2025-02-05 02:24:45'),
(664, 70, 1, 1, 69, '2025-02-05 02:24:45'),
(665, 71, 0, 1, 69, '2025-02-05 02:24:45'),
(666, 72, 1, 1, 69, '2025-02-05 02:24:45'),
(667, 73, 1, 1, 69, '2025-02-05 02:24:45'),
(668, 74, 0, 1, 69, '2025-02-05 02:24:45'),
(669, 75, 1, 1, 69, '2025-02-05 02:24:45'),
(670, 76, 1, 1, 69, '2025-02-05 02:24:45'),
(671, 77, 1, 1, 69, '2025-02-05 02:24:45'),
(672, 78, 1, 1, 69, '2025-02-05 02:24:45'),
(673, 79, 0, 1, 69, '2025-02-05 02:24:45'),
(674, 80, 1, 1, 69, '2025-02-05 02:24:45'),
(675, 81, 0, 1, 69, '2025-02-05 02:24:45'),
(676, 82, 0, 1, 69, '2025-02-05 02:24:45'),
(677, 83, 1, 1, 69, '2025-02-05 02:24:45'),
(678, 84, 1, 1, 69, '2025-02-05 02:24:45'),
(679, 85, 0, 1, 69, '2025-02-05 02:24:45'),
(680, 86, 1, 1, 69, '2025-02-05 02:24:45'),
(681, 69, 1, 1, 70, '2025-02-05 02:25:48'),
(682, 70, 1, 1, 70, '2025-02-05 02:25:48'),
(683, 71, 0, 1, 70, '2025-02-05 02:25:48'),
(684, 72, 1, 1, 70, '2025-02-05 02:25:48'),
(685, 73, 0, 1, 70, '2025-02-05 02:25:48'),
(686, 74, 1, 1, 70, '2025-02-05 02:25:48'),
(687, 75, 1, 1, 70, '2025-02-05 02:25:48'),
(688, 76, 0, 1, 70, '2025-02-05 02:25:48'),
(689, 77, 1, 1, 70, '2025-02-05 02:25:48'),
(690, 78, 1, 1, 70, '2025-02-05 02:25:48'),
(691, 79, 0, 1, 70, '2025-02-05 02:25:48'),
(692, 80, 1, 1, 70, '2025-02-05 02:25:48'),
(693, 81, 1, 1, 70, '2025-02-05 02:25:48'),
(694, 82, 0, 1, 70, '2025-02-05 02:25:48'),
(695, 83, 1, 1, 70, '2025-02-05 02:25:48'),
(696, 84, 1, 1, 70, '2025-02-05 02:25:48'),
(697, 85, 0, 1, 70, '2025-02-05 02:25:48'),
(698, 86, 0, 1, 70, '2025-02-05 02:25:48'),
(699, 69, 1, 1, 71, '2025-02-05 02:26:29'),
(700, 70, 0, 1, 71, '2025-02-05 02:26:29'),
(701, 71, 0, 1, 71, '2025-02-05 02:26:29'),
(702, 72, 1, 1, 71, '2025-02-05 02:26:29'),
(703, 73, 1, 1, 71, '2025-02-05 02:26:29'),
(704, 74, 0, 1, 71, '2025-02-05 02:26:29'),
(705, 75, 1, 1, 71, '2025-02-05 02:26:29'),
(706, 76, 1, 1, 71, '2025-02-05 02:26:29'),
(707, 77, 1, 1, 71, '2025-02-05 02:26:29'),
(708, 78, 1, 1, 71, '2025-02-05 02:26:29'),
(709, 79, 1, 1, 71, '2025-02-05 02:26:29'),
(710, 80, 0, 1, 71, '2025-02-05 02:26:29'),
(711, 81, 1, 1, 71, '2025-02-05 02:26:29'),
(712, 82, 0, 1, 71, '2025-02-05 02:26:29'),
(713, 83, 1, 1, 71, '2025-02-05 02:26:29'),
(714, 84, 1, 1, 71, '2025-02-05 02:26:29'),
(715, 85, 0, 1, 71, '2025-02-05 02:26:29'),
(716, 86, 1, 1, 71, '2025-02-05 02:26:29'),
(717, 69, 1, 1, 72, '2025-02-05 02:27:12'),
(718, 70, 1, 1, 72, '2025-02-05 02:27:12'),
(719, 71, 1, 1, 72, '2025-02-05 02:27:12'),
(720, 72, 1, 1, 72, '2025-02-05 02:27:12'),
(721, 73, 1, 1, 72, '2025-02-05 02:27:12'),
(722, 74, 1, 1, 72, '2025-02-05 02:27:12'),
(723, 75, 0, 1, 72, '2025-02-05 02:27:12'),
(724, 76, 0, 1, 72, '2025-02-05 02:27:12'),
(725, 77, 1, 1, 72, '2025-02-05 02:27:12'),
(726, 78, 0, 1, 72, '2025-02-05 02:27:12'),
(727, 79, 0, 1, 72, '2025-02-05 02:27:12'),
(728, 80, 1, 1, 72, '2025-02-05 02:27:12'),
(729, 81, 1, 1, 72, '2025-02-05 02:27:12'),
(730, 82, 1, 1, 72, '2025-02-05 02:27:12'),
(731, 83, 1, 1, 72, '2025-02-05 02:27:12'),
(732, 84, 1, 1, 72, '2025-02-05 02:27:12'),
(733, 85, 0, 1, 72, '2025-02-05 02:27:12'),
(734, 86, 0, 1, 72, '2025-02-05 02:27:12'),
(735, 69, 0, 1, 73, '2025-02-05 02:28:21'),
(736, 70, 1, 1, 73, '2025-02-05 02:28:21'),
(737, 71, 0, 1, 73, '2025-02-05 02:28:21'),
(738, 72, 1, 1, 73, '2025-02-05 02:28:21'),
(739, 73, 1, 1, 73, '2025-02-05 02:28:21'),
(740, 74, 0, 1, 73, '2025-02-05 02:28:21'),
(741, 75, 1, 1, 73, '2025-02-05 02:28:21'),
(742, 76, 0, 1, 73, '2025-02-05 02:28:21'),
(743, 77, 0, 1, 73, '2025-02-05 02:28:21'),
(744, 78, 1, 1, 73, '2025-02-05 02:28:21'),
(745, 79, 1, 1, 73, '2025-02-05 02:28:21'),
(746, 80, 0, 1, 73, '2025-02-05 02:28:21'),
(747, 81, 0, 1, 73, '2025-02-05 02:28:21'),
(748, 82, 0, 1, 73, '2025-02-05 02:28:21'),
(749, 83, 1, 1, 73, '2025-02-05 02:28:21'),
(750, 84, 0, 1, 73, '2025-02-05 02:28:21'),
(751, 85, 0, 1, 73, '2025-02-05 02:28:21'),
(752, 86, 0, 1, 73, '2025-02-05 02:28:21'),
(753, 69, 1, 1, 74, '2025-02-05 02:29:11'),
(754, 70, 0, 1, 74, '2025-02-05 02:29:11'),
(755, 71, 0, 1, 74, '2025-02-05 02:29:11'),
(756, 72, 1, 1, 74, '2025-02-05 02:29:11'),
(757, 73, 1, 1, 74, '2025-02-05 02:29:11'),
(758, 74, 1, 1, 74, '2025-02-05 02:29:11'),
(759, 75, 0, 1, 74, '2025-02-05 02:29:11'),
(760, 76, 1, 1, 74, '2025-02-05 02:29:11'),
(761, 77, 1, 1, 74, '2025-02-05 02:29:11'),
(762, 78, 0, 1, 74, '2025-02-05 02:29:11'),
(763, 79, 0, 1, 74, '2025-02-05 02:29:11'),
(764, 80, 1, 1, 74, '2025-02-05 02:29:11'),
(765, 81, 0, 1, 74, '2025-02-05 02:29:11'),
(766, 82, 0, 1, 74, '2025-02-05 02:29:11'),
(767, 83, 1, 1, 74, '2025-02-05 02:29:11'),
(768, 84, 1, 1, 74, '2025-02-05 02:29:11'),
(769, 85, 0, 1, 74, '2025-02-05 02:29:12'),
(770, 86, 1, 1, 74, '2025-02-05 02:29:12'),
(771, 69, 0, 1, 75, '2025-02-05 02:29:47'),
(772, 70, 0, 1, 75, '2025-02-05 02:29:47'),
(773, 71, 0, 1, 75, '2025-02-05 02:29:47'),
(774, 72, 1, 1, 75, '2025-02-05 02:29:47'),
(775, 73, 0, 1, 75, '2025-02-05 02:29:47'),
(776, 74, 1, 1, 75, '2025-02-05 02:29:47'),
(777, 75, 0, 1, 75, '2025-02-05 02:29:47'),
(778, 76, 0, 1, 75, '2025-02-05 02:29:47'),
(779, 77, 1, 1, 75, '2025-02-05 02:29:47'),
(780, 78, 0, 1, 75, '2025-02-05 02:29:47'),
(781, 79, 0, 1, 75, '2025-02-05 02:29:47'),
(782, 80, 1, 1, 75, '2025-02-05 02:29:47'),
(783, 81, 0, 1, 75, '2025-02-05 02:29:47'),
(784, 82, 0, 1, 75, '2025-02-05 02:29:47'),
(785, 83, 0, 1, 75, '2025-02-05 02:29:47'),
(786, 84, 0, 1, 75, '2025-02-05 02:29:47'),
(787, 85, 0, 1, 75, '2025-02-05 02:29:47'),
(788, 86, 0, 1, 75, '2025-02-05 02:29:47'),
(789, 69, 1, 1, 77, '2025-02-05 02:31:24'),
(790, 70, 0, 1, 77, '2025-02-05 02:31:24'),
(791, 71, 0, 1, 77, '2025-02-05 02:31:24'),
(792, 72, 1, 1, 77, '2025-02-05 02:31:24'),
(793, 73, 1, 1, 77, '2025-02-05 02:31:24'),
(794, 74, 0, 1, 77, '2025-02-05 02:31:24'),
(795, 75, 0, 1, 77, '2025-02-05 02:31:24'),
(796, 76, 1, 1, 77, '2025-02-05 02:31:24'),
(797, 77, 1, 1, 77, '2025-02-05 02:31:24'),
(798, 78, 1, 1, 77, '2025-02-05 02:31:24'),
(799, 79, 0, 1, 77, '2025-02-05 02:31:24'),
(800, 80, 1, 1, 77, '2025-02-05 02:31:24'),
(801, 81, 1, 1, 77, '2025-02-05 02:31:24'),
(802, 82, 0, 1, 77, '2025-02-05 02:31:24'),
(803, 83, 0, 1, 77, '2025-02-05 02:31:24'),
(804, 84, 1, 1, 77, '2025-02-05 02:31:24'),
(805, 85, 1, 1, 77, '2025-02-05 02:31:24'),
(806, 86, 1, 1, 77, '2025-02-05 02:31:24'),
(807, 69, 0, 1, 78, '2025-02-05 02:32:30'),
(808, 70, 1, 1, 78, '2025-02-05 02:32:30'),
(809, 71, 0, 1, 78, '2025-02-05 02:32:30'),
(810, 72, 1, 1, 78, '2025-02-05 02:32:30'),
(811, 73, 1, 1, 78, '2025-02-05 02:32:30'),
(812, 74, 1, 1, 78, '2025-02-05 02:32:30'),
(813, 75, 1, 1, 78, '2025-02-05 02:32:30'),
(814, 76, 1, 1, 78, '2025-02-05 02:32:30'),
(815, 77, 1, 1, 78, '2025-02-05 02:32:30'),
(816, 78, 1, 1, 78, '2025-02-05 02:32:30'),
(817, 79, 0, 1, 78, '2025-02-05 02:32:30'),
(818, 80, 1, 1, 78, '2025-02-05 02:32:30'),
(819, 81, 0, 1, 78, '2025-02-05 02:32:30'),
(820, 82, 0, 1, 78, '2025-02-05 02:32:30'),
(821, 83, 1, 1, 78, '2025-02-05 02:32:30'),
(822, 84, 1, 1, 78, '2025-02-05 02:32:30'),
(823, 85, 1, 1, 78, '2025-02-05 02:32:30'),
(824, 86, 1, 1, 78, '2025-02-05 02:32:30'),
(825, 69, 1, 1, 79, '2025-02-05 02:33:30'),
(826, 70, 1, 1, 79, '2025-02-05 02:33:30'),
(827, 71, 0, 1, 79, '2025-02-05 02:33:30'),
(828, 72, 1, 1, 79, '2025-02-05 02:33:30'),
(829, 73, 0, 1, 79, '2025-02-05 02:33:30'),
(830, 74, 0, 1, 79, '2025-02-05 02:33:30'),
(831, 75, 0, 1, 79, '2025-02-05 02:33:30'),
(832, 76, 1, 1, 79, '2025-02-05 02:33:30'),
(833, 77, 1, 1, 79, '2025-02-05 02:33:30'),
(834, 78, 1, 1, 79, '2025-02-05 02:33:30'),
(835, 79, 0, 1, 79, '2025-02-05 02:33:30'),
(836, 80, 1, 1, 79, '2025-02-05 02:33:30'),
(837, 81, 0, 1, 79, '2025-02-05 02:33:30'),
(838, 82, 0, 1, 79, '2025-02-05 02:33:30'),
(839, 83, 1, 1, 79, '2025-02-05 02:33:30'),
(840, 84, 1, 1, 79, '2025-02-05 02:33:30'),
(841, 85, 0, 1, 79, '2025-02-05 02:33:30'),
(842, 86, 1, 1, 79, '2025-02-05 02:33:30'),
(843, 69, 1, 1, 80, '2025-02-05 02:35:56'),
(844, 70, 0, 1, 80, '2025-02-05 02:35:56'),
(845, 71, 0, 1, 80, '2025-02-05 02:35:56'),
(846, 72, 1, 1, 80, '2025-02-05 02:35:56'),
(847, 73, 1, 1, 80, '2025-02-05 02:35:56'),
(848, 74, 0, 1, 80, '2025-02-05 02:35:56'),
(849, 75, 1, 1, 80, '2025-02-05 02:35:56'),
(850, 76, 0, 1, 80, '2025-02-05 02:35:56'),
(851, 77, 0, 1, 80, '2025-02-05 02:35:56'),
(852, 78, 1, 1, 80, '2025-02-05 02:35:56'),
(853, 79, 0, 1, 80, '2025-02-05 02:35:56'),
(854, 80, 1, 1, 80, '2025-02-05 02:35:56'),
(855, 81, 0, 1, 80, '2025-02-05 02:35:56'),
(856, 82, 0, 1, 80, '2025-02-05 02:35:56'),
(857, 83, 1, 1, 80, '2025-02-05 02:35:56'),
(858, 84, 1, 1, 80, '2025-02-05 02:35:56'),
(859, 85, 0, 1, 80, '2025-02-05 02:35:56'),
(860, 86, 0, 1, 80, '2025-02-05 02:35:56'),
(861, 69, 0, 1, 81, '2025-02-05 02:36:55'),
(862, 70, 0, 1, 81, '2025-02-05 02:36:55'),
(863, 71, 0, 1, 81, '2025-02-05 02:36:55'),
(864, 72, 1, 1, 81, '2025-02-05 02:36:55'),
(865, 73, 0, 1, 81, '2025-02-05 02:36:55'),
(866, 74, 1, 1, 81, '2025-02-05 02:36:55'),
(867, 75, 1, 1, 81, '2025-02-05 02:36:55'),
(868, 76, 1, 1, 81, '2025-02-05 02:36:55'),
(869, 77, 1, 1, 81, '2025-02-05 02:36:55'),
(870, 78, 1, 1, 81, '2025-02-05 02:36:55'),
(871, 79, 0, 1, 81, '2025-02-05 02:36:55'),
(872, 80, 1, 1, 81, '2025-02-05 02:36:55'),
(873, 81, 0, 1, 81, '2025-02-05 02:36:55'),
(874, 82, 0, 1, 81, '2025-02-05 02:36:55'),
(875, 83, 1, 1, 81, '2025-02-05 02:36:55'),
(876, 84, 1, 1, 81, '2025-02-05 02:36:55'),
(877, 85, 0, 1, 81, '2025-02-05 02:36:55'),
(878, 86, 1, 1, 81, '2025-02-05 02:36:55'),
(879, 69, 1, 1, 82, '2025-02-05 02:38:24'),
(880, 70, 1, 1, 82, '2025-02-05 02:38:24'),
(881, 71, 0, 1, 82, '2025-02-05 02:38:24'),
(882, 72, 1, 1, 82, '2025-02-05 02:38:24'),
(883, 73, 1, 1, 82, '2025-02-05 02:38:24'),
(884, 74, 1, 1, 82, '2025-02-05 02:38:24'),
(885, 75, 0, 1, 82, '2025-02-05 02:38:24'),
(886, 76, 1, 1, 82, '2025-02-05 02:38:24'),
(887, 77, 0, 1, 82, '2025-02-05 02:38:24'),
(888, 78, 1, 1, 82, '2025-02-05 02:38:24'),
(889, 79, 0, 1, 82, '2025-02-05 02:38:24'),
(890, 80, 1, 1, 82, '2025-02-05 02:38:24'),
(891, 81, 1, 1, 82, '2025-02-05 02:38:24'),
(892, 82, 0, 1, 82, '2025-02-05 02:38:24'),
(893, 83, 1, 1, 82, '2025-02-05 02:38:24'),
(894, 84, 1, 1, 82, '2025-02-05 02:38:24'),
(895, 85, 0, 1, 82, '2025-02-05 02:38:24'),
(896, 86, 1, 1, 82, '2025-02-05 02:38:24'),
(897, 69, 1, 1, 83, '2025-02-05 02:39:25'),
(898, 70, 0, 1, 83, '2025-02-05 02:39:25'),
(899, 71, 0, 1, 83, '2025-02-05 02:39:25'),
(900, 72, 1, 1, 83, '2025-02-05 02:39:25'),
(901, 73, 1, 1, 83, '2025-02-05 02:39:25'),
(902, 74, 1, 1, 83, '2025-02-05 02:39:25'),
(903, 75, 1, 1, 83, '2025-02-05 02:39:25'),
(904, 76, 0, 1, 83, '2025-02-05 02:39:25'),
(905, 77, 1, 1, 83, '2025-02-05 02:39:25'),
(906, 78, 0, 1, 83, '2025-02-05 02:39:25'),
(907, 79, 0, 1, 83, '2025-02-05 02:39:25'),
(908, 80, 1, 1, 83, '2025-02-05 02:39:25'),
(909, 81, 1, 1, 83, '2025-02-05 02:39:25'),
(910, 82, 1, 1, 83, '2025-02-05 02:39:25'),
(911, 83, 0, 1, 83, '2025-02-05 02:39:25'),
(912, 84, 1, 1, 83, '2025-02-05 02:39:25'),
(913, 85, 0, 1, 83, '2025-02-05 02:39:25'),
(914, 86, 0, 1, 83, '2025-02-05 02:39:25'),
(915, 69, 0, 1, 84, '2025-02-05 02:40:27'),
(916, 70, 1, 1, 84, '2025-02-05 02:40:27'),
(917, 71, 1, 1, 84, '2025-02-05 02:40:27'),
(918, 72, 1, 1, 84, '2025-02-05 02:40:27'),
(919, 73, 0, 1, 84, '2025-02-05 02:40:27'),
(920, 74, 1, 1, 84, '2025-02-05 02:40:27'),
(921, 75, 0, 1, 84, '2025-02-05 02:40:27'),
(922, 76, 1, 1, 84, '2025-02-05 02:40:27'),
(923, 77, 1, 1, 84, '2025-02-05 02:40:27'),
(924, 78, 1, 1, 84, '2025-02-05 02:40:27'),
(925, 79, 0, 1, 84, '2025-02-05 02:40:27'),
(926, 80, 1, 1, 84, '2025-02-05 02:40:27'),
(927, 81, 0, 1, 84, '2025-02-05 02:40:27'),
(928, 82, 1, 1, 84, '2025-02-05 02:40:27'),
(929, 83, 1, 1, 84, '2025-02-05 02:40:27'),
(930, 84, 1, 1, 84, '2025-02-05 02:40:27'),
(931, 85, 0, 1, 84, '2025-02-05 02:40:27'),
(932, 86, 1, 1, 84, '2025-02-05 02:40:27'),
(933, 69, 1, 1, 85, '2025-02-05 02:41:51'),
(934, 70, 1, 1, 85, '2025-02-05 02:41:51'),
(935, 71, 1, 1, 85, '2025-02-05 02:41:51'),
(936, 72, 1, 1, 85, '2025-02-05 02:41:52'),
(937, 73, 0, 1, 85, '2025-02-05 02:41:52'),
(938, 74, 1, 1, 85, '2025-02-05 02:41:52'),
(939, 75, 1, 1, 85, '2025-02-05 02:41:52'),
(940, 76, 1, 1, 85, '2025-02-05 02:41:52'),
(941, 77, 1, 1, 85, '2025-02-05 02:41:52'),
(942, 78, 0, 1, 85, '2025-02-05 02:41:52'),
(943, 79, 1, 1, 85, '2025-02-05 02:41:52'),
(944, 80, 1, 1, 85, '2025-02-05 02:41:52'),
(945, 81, 1, 1, 85, '2025-02-05 02:41:52'),
(946, 82, 1, 1, 85, '2025-02-05 02:41:52'),
(947, 83, 1, 1, 85, '2025-02-05 02:41:52'),
(948, 84, 1, 1, 85, '2025-02-05 02:41:52'),
(949, 85, 0, 1, 85, '2025-02-05 02:41:52'),
(950, 86, 1, 1, 85, '2025-02-05 02:41:52'),
(951, 69, 1, 1, 86, '2025-02-05 02:42:52'),
(952, 70, 0, 1, 86, '2025-02-05 02:42:52'),
(953, 71, 0, 1, 86, '2025-02-05 02:42:52'),
(954, 72, 1, 1, 86, '2025-02-05 02:42:52'),
(955, 73, 0, 1, 86, '2025-02-05 02:42:52'),
(956, 74, 1, 1, 86, '2025-02-05 02:42:52'),
(957, 75, 1, 1, 86, '2025-02-05 02:42:52'),
(958, 76, 1, 1, 86, '2025-02-05 02:42:52'),
(959, 77, 1, 1, 86, '2025-02-05 02:42:52'),
(960, 78, 1, 1, 86, '2025-02-05 02:42:52'),
(961, 79, 0, 1, 86, '2025-02-05 02:42:52'),
(962, 80, 1, 1, 86, '2025-02-05 02:42:52'),
(963, 81, 0, 1, 86, '2025-02-05 02:42:52'),
(964, 82, 0, 1, 86, '2025-02-05 02:42:52'),
(965, 83, 1, 1, 86, '2025-02-05 02:42:52'),
(966, 84, 1, 1, 86, '2025-02-05 02:42:52'),
(967, 85, 0, 1, 86, '2025-02-05 02:42:52'),
(968, 86, 1, 1, 86, '2025-02-05 02:42:52'),
(969, 69, 1, 1, 87, '2025-02-05 02:43:58'),
(970, 70, 1, 1, 87, '2025-02-05 02:43:58'),
(971, 71, 1, 1, 87, '2025-02-05 02:43:58'),
(972, 72, 1, 1, 87, '2025-02-05 02:43:58'),
(973, 73, 1, 1, 87, '2025-02-05 02:43:58'),
(974, 74, 0, 1, 87, '2025-02-05 02:43:58'),
(975, 75, 1, 1, 87, '2025-02-05 02:43:58'),
(976, 76, 1, 1, 87, '2025-02-05 02:43:58'),
(977, 77, 1, 1, 87, '2025-02-05 02:43:58'),
(978, 78, 1, 1, 87, '2025-02-05 02:43:58'),
(979, 79, 1, 1, 87, '2025-02-05 02:43:58'),
(980, 80, 1, 1, 87, '2025-02-05 02:43:58'),
(981, 81, 1, 1, 87, '2025-02-05 02:43:58'),
(982, 82, 1, 1, 87, '2025-02-05 02:43:58'),
(983, 83, 1, 1, 87, '2025-02-05 02:43:58'),
(984, 84, 1, 1, 87, '2025-02-05 02:43:58'),
(985, 85, 0, 1, 87, '2025-02-05 02:43:58'),
(986, 86, 1, 1, 87, '2025-02-05 02:43:58'),
(987, 69, 1, 1, 88, '2025-02-05 02:45:18'),
(988, 70, 1, 1, 88, '2025-02-05 02:45:18'),
(989, 71, 0, 1, 88, '2025-02-05 02:45:18'),
(990, 72, 1, 1, 88, '2025-02-05 02:45:18'),
(991, 73, 1, 1, 88, '2025-02-05 02:45:18'),
(992, 74, 0, 1, 88, '2025-02-05 02:45:18'),
(993, 75, 0, 1, 88, '2025-02-05 02:45:18'),
(994, 76, 1, 1, 88, '2025-02-05 02:45:18'),
(995, 77, 1, 1, 88, '2025-02-05 02:45:18'),
(996, 78, 1, 1, 88, '2025-02-05 02:45:18'),
(997, 79, 0, 1, 88, '2025-02-05 02:45:18'),
(998, 80, 1, 1, 88, '2025-02-05 02:45:18'),
(999, 81, 0, 1, 88, '2025-02-05 02:45:18'),
(1000, 82, 0, 1, 88, '2025-02-05 02:45:18'),
(1001, 83, 1, 1, 88, '2025-02-05 02:45:18'),
(1002, 84, 1, 1, 88, '2025-02-05 02:45:18'),
(1003, 85, 0, 1, 88, '2025-02-05 02:45:18'),
(1004, 86, 1, 1, 88, '2025-02-05 02:45:18'),
(1005, 69, 1, 1, 89, '2025-02-05 02:46:34'),
(1006, 70, 0, 1, 89, '2025-02-05 02:46:34'),
(1007, 71, 0, 1, 89, '2025-02-05 02:46:34'),
(1008, 72, 1, 1, 89, '2025-02-05 02:46:34'),
(1009, 73, 0, 1, 89, '2025-02-05 02:46:34'),
(1010, 74, 0, 1, 89, '2025-02-05 02:46:34'),
(1011, 75, 1, 1, 89, '2025-02-05 02:46:34'),
(1012, 76, 1, 1, 89, '2025-02-05 02:46:34'),
(1013, 77, 1, 1, 89, '2025-02-05 02:46:34'),
(1014, 78, 1, 1, 89, '2025-02-05 02:46:34'),
(1015, 79, 0, 1, 89, '2025-02-05 02:46:34'),
(1016, 80, 1, 1, 89, '2025-02-05 02:46:34'),
(1017, 81, 1, 1, 89, '2025-02-05 02:46:34'),
(1018, 82, 0, 1, 89, '2025-02-05 02:46:34'),
(1019, 83, 0, 1, 89, '2025-02-05 02:46:34'),
(1020, 84, 1, 1, 89, '2025-02-05 02:46:34'),
(1021, 85, 0, 1, 89, '2025-02-05 02:46:34'),
(1022, 86, 1, 1, 89, '2025-02-05 02:46:34'),
(1023, 69, 0, 1, 90, '2025-02-05 02:48:14'),
(1024, 70, 1, 1, 90, '2025-02-05 02:48:14'),
(1025, 71, 0, 1, 90, '2025-02-05 02:48:14'),
(1026, 72, 1, 1, 90, '2025-02-05 02:48:14'),
(1027, 73, 0, 1, 90, '2025-02-05 02:48:14'),
(1028, 74, 0, 1, 90, '2025-02-05 02:48:14'),
(1029, 75, 0, 1, 90, '2025-02-05 02:48:14'),
(1030, 76, 1, 1, 90, '2025-02-05 02:48:14'),
(1031, 77, 1, 1, 90, '2025-02-05 02:48:14'),
(1032, 78, 0, 1, 90, '2025-02-05 02:48:14'),
(1033, 79, 0, 1, 90, '2025-02-05 02:48:14'),
(1034, 80, 1, 1, 90, '2025-02-05 02:48:14'),
(1035, 81, 0, 1, 90, '2025-02-05 02:48:14'),
(1036, 82, 0, 1, 90, '2025-02-05 02:48:14'),
(1037, 83, 1, 1, 90, '2025-02-05 02:48:14'),
(1038, 84, 1, 1, 90, '2025-02-05 02:48:14'),
(1039, 85, 0, 1, 90, '2025-02-05 02:48:14'),
(1040, 86, 1, 1, 90, '2025-02-05 02:48:14'),
(1041, 69, 1, 1, 91, '2025-02-05 02:49:48'),
(1042, 70, 1, 1, 91, '2025-02-05 02:49:48'),
(1043, 71, 0, 1, 91, '2025-02-05 02:49:48'),
(1044, 72, 1, 1, 91, '2025-02-05 02:49:48'),
(1045, 73, 1, 1, 91, '2025-02-05 02:49:48'),
(1046, 74, 1, 1, 91, '2025-02-05 02:49:48'),
(1047, 75, 1, 1, 91, '2025-02-05 02:49:48'),
(1048, 76, 0, 1, 91, '2025-02-05 02:49:48'),
(1049, 77, 1, 1, 91, '2025-02-05 02:49:48'),
(1050, 78, 0, 1, 91, '2025-02-05 02:49:48'),
(1051, 79, 0, 1, 91, '2025-02-05 02:49:48'),
(1052, 80, 1, 1, 91, '2025-02-05 02:49:48'),
(1053, 81, 0, 1, 91, '2025-02-05 02:49:48'),
(1054, 82, 0, 1, 91, '2025-02-05 02:49:48'),
(1055, 83, 0, 1, 91, '2025-02-05 02:49:48'),
(1056, 84, 0, 1, 91, '2025-02-05 02:49:48'),
(1057, 85, 0, 1, 91, '2025-02-05 02:49:48'),
(1058, 86, 0, 1, 91, '2025-02-05 02:49:48'),
(1059, 69, 0, 1, 92, '2025-02-05 02:51:07'),
(1060, 70, 0, 1, 92, '2025-02-05 02:51:07'),
(1061, 71, 0, 1, 92, '2025-02-05 02:51:07'),
(1062, 72, 1, 1, 92, '2025-02-05 02:51:07'),
(1063, 73, 0, 1, 92, '2025-02-05 02:51:07'),
(1064, 74, 0, 1, 92, '2025-02-05 02:51:07'),
(1065, 75, 1, 1, 92, '2025-02-05 02:51:07'),
(1066, 76, 0, 1, 92, '2025-02-05 02:51:07'),
(1067, 77, 0, 1, 92, '2025-02-05 02:51:07'),
(1068, 78, 0, 1, 92, '2025-02-05 02:51:07'),
(1069, 79, 0, 1, 92, '2025-02-05 02:51:07'),
(1070, 80, 1, 1, 92, '2025-02-05 02:51:07'),
(1071, 81, 0, 1, 92, '2025-02-05 02:51:07'),
(1072, 82, 0, 1, 92, '2025-02-05 02:51:07'),
(1073, 83, 0, 1, 92, '2025-02-05 02:51:07'),
(1074, 84, 1, 1, 92, '2025-02-05 02:51:07'),
(1075, 85, 0, 1, 92, '2025-02-05 02:51:07'),
(1076, 86, 0, 1, 92, '2025-02-05 02:51:07'),
(1077, 69, 1, 1, 93, '2025-02-05 02:52:50'),
(1078, 70, 1, 1, 93, '2025-02-05 02:52:50'),
(1079, 71, 0, 1, 93, '2025-02-05 02:52:50'),
(1080, 72, 1, 1, 93, '2025-02-05 02:52:50'),
(1081, 73, 1, 1, 93, '2025-02-05 02:52:50'),
(1082, 74, 1, 1, 93, '2025-02-05 02:52:50'),
(1083, 75, 0, 1, 93, '2025-02-05 02:52:50'),
(1084, 76, 1, 1, 93, '2025-02-05 02:52:50'),
(1085, 77, 1, 1, 93, '2025-02-05 02:52:50'),
(1086, 78, 1, 1, 93, '2025-02-05 02:52:50'),
(1087, 79, 0, 1, 93, '2025-02-05 02:52:50'),
(1088, 80, 1, 1, 93, '2025-02-05 02:52:50'),
(1089, 81, 0, 1, 93, '2025-02-05 02:52:50'),
(1090, 82, 0, 1, 93, '2025-02-05 02:52:50'),
(1091, 83, 1, 1, 93, '2025-02-05 02:52:50'),
(1092, 84, 1, 1, 93, '2025-02-05 02:52:50'),
(1093, 85, 0, 1, 93, '2025-02-05 02:52:50'),
(1094, 86, 1, 1, 93, '2025-02-05 02:52:50'),
(1095, 69, 1, 1, 94, '2025-02-05 02:54:07'),
(1096, 70, 1, 1, 94, '2025-02-05 02:54:07'),
(1097, 71, 0, 1, 94, '2025-02-05 02:54:07'),
(1098, 72, 1, 1, 94, '2025-02-05 02:54:07'),
(1099, 73, 1, 1, 94, '2025-02-05 02:54:07'),
(1100, 74, 1, 1, 94, '2025-02-05 02:54:07'),
(1101, 75, 0, 1, 94, '2025-02-05 02:54:07'),
(1102, 76, 0, 1, 94, '2025-02-05 02:54:07'),
(1103, 77, 1, 1, 94, '2025-02-05 02:54:07'),
(1104, 78, 1, 1, 94, '2025-02-05 02:54:07'),
(1105, 79, 0, 1, 94, '2025-02-05 02:54:07'),
(1106, 80, 0, 1, 94, '2025-02-05 02:54:07'),
(1107, 81, 0, 1, 94, '2025-02-05 02:54:07'),
(1108, 82, 0, 1, 94, '2025-02-05 02:54:07'),
(1109, 83, 0, 1, 94, '2025-02-05 02:54:07'),
(1110, 84, 1, 1, 94, '2025-02-05 02:54:07'),
(1111, 85, 0, 1, 94, '2025-02-05 02:54:07'),
(1112, 86, 0, 1, 94, '2025-02-05 02:54:07'),
(1113, 69, 1, 1, 95, '2025-02-05 02:54:54'),
(1114, 70, 1, 1, 95, '2025-02-05 02:54:54'),
(1115, 71, 1, 1, 95, '2025-02-05 02:54:54'),
(1116, 72, 1, 1, 95, '2025-02-05 02:54:54'),
(1117, 73, 1, 1, 95, '2025-02-05 02:54:54'),
(1118, 74, 1, 1, 95, '2025-02-05 02:54:54'),
(1119, 75, 1, 1, 95, '2025-02-05 02:54:54'),
(1120, 76, 1, 1, 95, '2025-02-05 02:54:54'),
(1121, 77, 1, 1, 95, '2025-02-05 02:54:54'),
(1122, 78, 1, 1, 95, '2025-02-05 02:54:54'),
(1123, 79, 0, 1, 95, '2025-02-05 02:54:54'),
(1124, 80, 1, 1, 95, '2025-02-05 02:54:54'),
(1125, 81, 1, 1, 95, '2025-02-05 02:54:54'),
(1126, 82, 0, 1, 95, '2025-02-05 02:54:54'),
(1127, 83, 1, 1, 95, '2025-02-05 02:54:54'),
(1128, 84, 1, 1, 95, '2025-02-05 02:54:54'),
(1129, 85, 1, 1, 95, '2025-02-05 02:54:54'),
(1130, 86, 1, 1, 95, '2025-02-05 02:54:54'),
(1131, 69, 1, 1, 96, '2025-02-05 02:55:56'),
(1132, 70, 1, 1, 96, '2025-02-05 02:55:56'),
(1133, 71, 0, 1, 96, '2025-02-05 02:55:56'),
(1134, 72, 1, 1, 96, '2025-02-05 02:55:56'),
(1135, 73, 1, 1, 96, '2025-02-05 02:55:56'),
(1136, 74, 1, 1, 96, '2025-02-05 02:55:56'),
(1137, 75, 1, 1, 96, '2025-02-05 02:55:56'),
(1138, 76, 1, 1, 96, '2025-02-05 02:55:56'),
(1139, 77, 1, 1, 96, '2025-02-05 02:55:56'),
(1140, 78, 1, 1, 96, '2025-02-05 02:55:56'),
(1141, 79, 0, 1, 96, '2025-02-05 02:55:56'),
(1142, 80, 1, 1, 96, '2025-02-05 02:55:56'),
(1143, 81, 1, 1, 96, '2025-02-05 02:55:56'),
(1144, 82, 0, 1, 96, '2025-02-05 02:55:56'),
(1145, 83, 1, 1, 96, '2025-02-05 02:55:56'),
(1146, 84, 1, 1, 96, '2025-02-05 02:55:56'),
(1147, 85, 1, 1, 96, '2025-02-05 02:55:56'),
(1148, 86, 1, 1, 96, '2025-02-05 02:55:56'),
(1149, 69, 1, 1, 97, '2025-02-05 02:56:59'),
(1150, 70, 0, 1, 97, '2025-02-05 02:56:59'),
(1151, 71, 1, 1, 97, '2025-02-05 02:56:59'),
(1152, 72, 1, 1, 97, '2025-02-05 02:56:59'),
(1153, 73, 1, 1, 97, '2025-02-05 02:56:59'),
(1154, 74, 0, 1, 97, '2025-02-05 02:56:59'),
(1155, 75, 1, 1, 97, '2025-02-05 02:56:59'),
(1156, 76, 1, 1, 97, '2025-02-05 02:56:59'),
(1157, 77, 1, 1, 97, '2025-02-05 02:56:59'),
(1158, 78, 1, 1, 97, '2025-02-05 02:56:59'),
(1159, 79, 0, 1, 97, '2025-02-05 02:56:59'),
(1160, 80, 1, 1, 97, '2025-02-05 02:56:59'),
(1161, 81, 0, 1, 97, '2025-02-05 02:56:59'),
(1162, 82, 1, 1, 97, '2025-02-05 02:56:59'),
(1163, 83, 1, 1, 97, '2025-02-05 02:56:59'),
(1164, 84, 1, 1, 97, '2025-02-05 02:56:59'),
(1165, 85, 1, 1, 97, '2025-02-05 02:56:59'),
(1166, 86, 1, 1, 97, '2025-02-05 02:56:59'),
(1167, 69, 1, 1, 98, '2025-02-05 02:58:08'),
(1168, 70, 0, 1, 98, '2025-02-05 02:58:08'),
(1169, 71, 1, 1, 98, '2025-02-05 02:58:08'),
(1170, 72, 1, 1, 98, '2025-02-05 02:58:08'),
(1171, 73, 1, 1, 98, '2025-02-05 02:58:08'),
(1172, 74, 1, 1, 98, '2025-02-05 02:58:08'),
(1173, 75, 0, 1, 98, '2025-02-05 02:58:08'),
(1174, 76, 1, 1, 98, '2025-02-05 02:58:08'),
(1175, 77, 0, 1, 98, '2025-02-05 02:58:08'),
(1176, 78, 1, 1, 98, '2025-02-05 02:58:08'),
(1177, 79, 0, 1, 98, '2025-02-05 02:58:08'),
(1178, 80, 1, 1, 98, '2025-02-05 02:58:08'),
(1179, 81, 0, 1, 98, '2025-02-05 02:58:08'),
(1180, 82, 1, 1, 98, '2025-02-05 02:58:08'),
(1181, 83, 1, 1, 98, '2025-02-05 02:58:08'),
(1182, 84, 1, 1, 98, '2025-02-05 02:58:08'),
(1183, 85, 1, 1, 98, '2025-02-05 02:58:08'),
(1184, 86, 1, 1, 98, '2025-02-05 02:58:08'),
(1185, 69, 1, 1, 99, '2025-02-05 02:59:17'),
(1186, 70, 1, 1, 99, '2025-02-05 02:59:17'),
(1187, 71, 1, 1, 99, '2025-02-05 02:59:17'),
(1188, 72, 1, 1, 99, '2025-02-05 02:59:17'),
(1189, 73, 1, 1, 99, '2025-02-05 02:59:17'),
(1190, 74, 1, 1, 99, '2025-02-05 02:59:17'),
(1191, 75, 1, 1, 99, '2025-02-05 02:59:17'),
(1192, 76, 1, 1, 99, '2025-02-05 02:59:17'),
(1193, 77, 1, 1, 99, '2025-02-05 02:59:17'),
(1194, 78, 1, 1, 99, '2025-02-05 02:59:17'),
(1195, 79, 1, 1, 99, '2025-02-05 02:59:17'),
(1196, 80, 1, 1, 99, '2025-02-05 02:59:17'),
(1197, 81, 1, 1, 99, '2025-02-05 02:59:17'),
(1198, 82, 1, 1, 99, '2025-02-05 02:59:17'),
(1199, 83, 1, 1, 99, '2025-02-05 02:59:17'),
(1200, 84, 1, 1, 99, '2025-02-05 02:59:17'),
(1201, 85, 1, 1, 99, '2025-02-05 02:59:17'),
(1202, 86, 1, 1, 99, '2025-02-05 02:59:17'),
(1203, 69, 0, 1, 100, '2025-02-05 03:00:31'),
(1204, 70, 1, 1, 100, '2025-02-05 03:00:31'),
(1205, 71, 1, 1, 100, '2025-02-05 03:00:31'),
(1206, 72, 1, 1, 100, '2025-02-05 03:00:31'),
(1207, 73, 1, 1, 100, '2025-02-05 03:00:31'),
(1208, 74, 1, 1, 100, '2025-02-05 03:00:31'),
(1209, 75, 0, 1, 100, '2025-02-05 03:00:31'),
(1210, 76, 1, 1, 100, '2025-02-05 03:00:31'),
(1211, 77, 1, 1, 100, '2025-02-05 03:00:31'),
(1212, 78, 1, 1, 100, '2025-02-05 03:00:31'),
(1213, 79, 0, 1, 100, '2025-02-05 03:00:31'),
(1214, 80, 1, 1, 100, '2025-02-05 03:00:31'),
(1215, 81, 0, 1, 100, '2025-02-05 03:00:31'),
(1216, 82, 1, 1, 100, '2025-02-05 03:00:31'),
(1217, 83, 1, 1, 100, '2025-02-05 03:00:31'),
(1218, 84, 1, 1, 100, '2025-02-05 03:00:31'),
(1219, 85, 0, 1, 100, '2025-02-05 03:00:31'),
(1220, 86, 1, 1, 100, '2025-02-05 03:00:31'),
(1221, 69, 1, 1, 101, '2025-02-05 03:02:08'),
(1222, 70, 1, 1, 101, '2025-02-05 03:02:08'),
(1223, 71, 1, 1, 101, '2025-02-05 03:02:08'),
(1224, 72, 1, 1, 101, '2025-02-05 03:02:08'),
(1225, 73, 1, 1, 101, '2025-02-05 03:02:08'),
(1226, 74, 1, 1, 101, '2025-02-05 03:02:08'),
(1227, 75, 1, 1, 101, '2025-02-05 03:02:08'),
(1228, 76, 1, 1, 101, '2025-02-05 03:02:08'),
(1229, 77, 1, 1, 101, '2025-02-05 03:02:08'),
(1230, 78, 1, 1, 101, '2025-02-05 03:02:08'),
(1231, 79, 0, 1, 101, '2025-02-05 03:02:08'),
(1232, 80, 1, 1, 101, '2025-02-05 03:02:08'),
(1233, 81, 0, 1, 101, '2025-02-05 03:02:08'),
(1234, 82, 1, 1, 101, '2025-02-05 03:02:08'),
(1235, 83, 0, 1, 101, '2025-02-05 03:02:08'),
(1236, 84, 1, 1, 101, '2025-02-05 03:02:08'),
(1237, 85, 1, 1, 101, '2025-02-05 03:02:08'),
(1238, 86, 1, 1, 101, '2025-02-05 03:02:08'),
(1239, 69, 1, 1, 102, '2025-02-05 03:03:13'),
(1240, 70, 1, 1, 102, '2025-02-05 03:03:13'),
(1241, 71, 1, 1, 102, '2025-02-05 03:03:13'),
(1242, 72, 1, 1, 102, '2025-02-05 03:03:13'),
(1243, 73, 1, 1, 102, '2025-02-05 03:03:13'),
(1244, 74, 1, 1, 102, '2025-02-05 03:03:13'),
(1245, 75, 0, 1, 102, '2025-02-05 03:03:13'),
(1246, 76, 1, 1, 102, '2025-02-05 03:03:13'),
(1247, 77, 1, 1, 102, '2025-02-05 03:03:13'),
(1248, 78, 1, 1, 102, '2025-02-05 03:03:13'),
(1249, 79, 1, 1, 102, '2025-02-05 03:03:13'),
(1250, 80, 1, 1, 102, '2025-02-05 03:03:13'),
(1251, 81, 1, 1, 102, '2025-02-05 03:03:13'),
(1252, 82, 1, 1, 102, '2025-02-05 03:03:13'),
(1253, 83, 1, 1, 102, '2025-02-05 03:03:13'),
(1254, 84, 1, 1, 102, '2025-02-05 03:03:13'),
(1255, 85, 1, 1, 102, '2025-02-05 03:03:13'),
(1256, 86, 1, 1, 102, '2025-02-05 03:03:13'),
(1257, 69, 0, 1, 103, '2025-02-05 03:04:12'),
(1258, 70, 0, 1, 103, '2025-02-05 03:04:12'),
(1259, 71, 1, 1, 103, '2025-02-05 03:04:12'),
(1260, 72, 1, 1, 103, '2025-02-05 03:04:12'),
(1261, 73, 1, 1, 103, '2025-02-05 03:04:12'),
(1262, 74, 1, 1, 103, '2025-02-05 03:04:12'),
(1263, 75, 1, 1, 103, '2025-02-05 03:04:12'),
(1264, 76, 1, 1, 103, '2025-02-05 03:04:12'),
(1265, 77, 1, 1, 103, '2025-02-05 03:04:12'),
(1266, 78, 1, 1, 103, '2025-02-05 03:04:12'),
(1267, 79, 0, 1, 103, '2025-02-05 03:04:12'),
(1268, 80, 1, 1, 103, '2025-02-05 03:04:12'),
(1269, 81, 0, 1, 103, '2025-02-05 03:04:12'),
(1270, 82, 1, 1, 103, '2025-02-05 03:04:12'),
(1271, 83, 1, 1, 103, '2025-02-05 03:04:12'),
(1272, 84, 1, 1, 103, '2025-02-05 03:04:12'),
(1273, 85, 1, 1, 103, '2025-02-05 03:04:12'),
(1274, 86, 1, 1, 103, '2025-02-05 03:04:12'),
(1275, 69, 1, 1, 104, '2025-02-05 03:05:26'),
(1276, 70, 0, 1, 104, '2025-02-05 03:05:26'),
(1277, 71, 0, 1, 104, '2025-02-05 03:05:26'),
(1278, 72, 1, 1, 104, '2025-02-05 03:05:26'),
(1279, 73, 0, 1, 104, '2025-02-05 03:05:27'),
(1280, 74, 1, 1, 104, '2025-02-05 03:05:27'),
(1281, 75, 0, 1, 104, '2025-02-05 03:05:27'),
(1282, 76, 1, 1, 104, '2025-02-05 03:05:27'),
(1283, 77, 1, 1, 104, '2025-02-05 03:05:27'),
(1284, 78, 1, 1, 104, '2025-02-05 03:05:27'),
(1285, 79, 0, 1, 104, '2025-02-05 03:05:27'),
(1286, 80, 1, 1, 104, '2025-02-05 03:05:27'),
(1287, 81, 0, 1, 104, '2025-02-05 03:05:27'),
(1288, 82, 1, 1, 104, '2025-02-05 03:05:27'),
(1289, 83, 1, 1, 104, '2025-02-05 03:05:27'),
(1290, 84, 1, 1, 104, '2025-02-05 03:05:27'),
(1291, 85, 0, 1, 104, '2025-02-05 03:05:27'),
(1292, 86, 1, 1, 104, '2025-02-05 03:05:27'),
(1293, 69, 1, 1, 105, '2025-02-05 03:07:02'),
(1294, 70, 1, 1, 105, '2025-02-05 03:07:02'),
(1295, 71, 0, 1, 105, '2025-02-05 03:07:02'),
(1296, 72, 1, 1, 105, '2025-02-05 03:07:02'),
(1297, 73, 0, 1, 105, '2025-02-05 03:07:02'),
(1298, 74, 0, 1, 105, '2025-02-05 03:07:02'),
(1299, 75, 0, 1, 105, '2025-02-05 03:07:02'),
(1300, 76, 0, 1, 105, '2025-02-05 03:07:02'),
(1301, 77, 0, 1, 105, '2025-02-05 03:07:02'),
(1302, 78, 0, 1, 105, '2025-02-05 03:07:02'),
(1303, 79, 0, 1, 105, '2025-02-05 03:07:02'),
(1304, 80, 1, 1, 105, '2025-02-05 03:07:02'),
(1305, 81, 0, 1, 105, '2025-02-05 03:07:02'),
(1306, 82, 0, 1, 105, '2025-02-05 03:07:02'),
(1307, 83, 1, 1, 105, '2025-02-05 03:07:02'),
(1308, 84, 1, 1, 105, '2025-02-05 03:07:02'),
(1309, 85, 0, 1, 105, '2025-02-05 03:07:02'),
(1310, 86, 0, 1, 105, '2025-02-05 03:07:02'),
(1311, 69, 1, 1, 106, '2025-02-05 03:08:51'),
(1312, 70, 0, 1, 106, '2025-02-05 03:08:51'),
(1313, 71, 0, 1, 106, '2025-02-05 03:08:51'),
(1314, 72, 1, 1, 106, '2025-02-05 03:08:51'),
(1315, 73, 0, 1, 106, '2025-02-05 03:08:51'),
(1316, 74, 0, 1, 106, '2025-02-05 03:08:51'),
(1317, 75, 0, 1, 106, '2025-02-05 03:08:51'),
(1318, 76, 1, 1, 106, '2025-02-05 03:08:51'),
(1319, 77, 0, 1, 106, '2025-02-05 03:08:51'),
(1320, 78, 0, 1, 106, '2025-02-05 03:08:51'),
(1321, 79, 1, 1, 106, '2025-02-05 03:08:51'),
(1322, 80, 1, 1, 106, '2025-02-05 03:08:51'),
(1323, 81, 1, 1, 106, '2025-02-05 03:08:51'),
(1324, 82, 0, 1, 106, '2025-02-05 03:08:51'),
(1325, 83, 0, 1, 106, '2025-02-05 03:08:51'),
(1326, 84, 1, 1, 106, '2025-02-05 03:08:51'),
(1327, 85, 0, 1, 106, '2025-02-05 03:08:51'),
(1328, 86, 1, 1, 106, '2025-02-05 03:08:51'),
(1329, 69, 1, 1, 107, '2025-02-05 03:10:08'),
(1330, 70, 0, 1, 107, '2025-02-05 03:10:08'),
(1331, 71, 1, 1, 107, '2025-02-05 03:10:08'),
(1332, 72, 1, 1, 107, '2025-02-05 03:10:08'),
(1333, 73, 1, 1, 107, '2025-02-05 03:10:08'),
(1334, 74, 0, 1, 107, '2025-02-05 03:10:08'),
(1335, 75, 1, 1, 107, '2025-02-05 03:10:08'),
(1336, 76, 1, 1, 107, '2025-02-05 03:10:08'),
(1337, 77, 0, 1, 107, '2025-02-05 03:10:08'),
(1338, 78, 1, 1, 107, '2025-02-05 03:10:08'),
(1339, 79, 0, 1, 107, '2025-02-05 03:10:08'),
(1340, 80, 1, 1, 107, '2025-02-05 03:10:08'),
(1341, 81, 0, 1, 107, '2025-02-05 03:10:08'),
(1342, 82, 1, 1, 107, '2025-02-05 03:10:08'),
(1343, 83, 0, 1, 107, '2025-02-05 03:10:08'),
(1344, 84, 1, 1, 107, '2025-02-05 03:10:08'),
(1345, 85, 0, 1, 107, '2025-02-05 03:10:08'),
(1346, 86, 1, 1, 107, '2025-02-05 03:10:08'),
(1347, 69, 0, 1, 108, '2025-02-05 03:11:51'),
(1348, 70, 0, 1, 108, '2025-02-05 03:11:51'),
(1349, 71, 0, 1, 108, '2025-02-05 03:11:51'),
(1350, 72, 1, 1, 108, '2025-02-05 03:11:51'),
(1351, 73, 1, 1, 108, '2025-02-05 03:11:51'),
(1352, 74, 1, 1, 108, '2025-02-05 03:11:51'),
(1353, 75, 1, 1, 108, '2025-02-05 03:11:51'),
(1354, 76, 1, 1, 108, '2025-02-05 03:11:51'),
(1355, 77, 0, 1, 108, '2025-02-05 03:11:51'),
(1356, 78, 1, 1, 108, '2025-02-05 03:11:51'),
(1357, 79, 0, 1, 108, '2025-02-05 03:11:51'),
(1358, 80, 0, 1, 108, '2025-02-05 03:11:51'),
(1359, 81, 0, 1, 108, '2025-02-05 03:11:51'),
(1360, 82, 0, 1, 108, '2025-02-05 03:11:51'),
(1361, 83, 0, 1, 108, '2025-02-05 03:11:51'),
(1362, 84, 1, 1, 108, '2025-02-05 03:11:51'),
(1363, 85, 1, 1, 108, '2025-02-05 03:11:51'),
(1364, 86, 1, 1, 108, '2025-02-05 03:11:51'),
(1365, 69, 0, 1, 109, '2025-02-05 03:13:18'),
(1366, 70, 0, 1, 109, '2025-02-05 03:13:18'),
(1367, 71, 1, 1, 109, '2025-02-05 03:13:18'),
(1368, 72, 1, 1, 109, '2025-02-05 03:13:18'),
(1369, 73, 0, 1, 109, '2025-02-05 03:13:18'),
(1370, 74, 0, 1, 109, '2025-02-05 03:13:18'),
(1371, 75, 0, 1, 109, '2025-02-05 03:13:18'),
(1372, 76, 0, 1, 109, '2025-02-05 03:13:18'),
(1373, 77, 0, 1, 109, '2025-02-05 03:13:18'),
(1374, 78, 1, 1, 109, '2025-02-05 03:13:18'),
(1375, 79, 0, 1, 109, '2025-02-05 03:13:18'),
(1376, 80, 1, 1, 109, '2025-02-05 03:13:18'),
(1377, 81, 1, 1, 109, '2025-02-05 03:13:18'),
(1378, 82, 1, 1, 109, '2025-02-05 03:13:18'),
(1379, 83, 1, 1, 109, '2025-02-05 03:13:18'),
(1380, 84, 1, 1, 109, '2025-02-05 03:13:18'),
(1381, 85, 0, 1, 109, '2025-02-05 03:13:18'),
(1382, 86, 0, 1, 109, '2025-02-05 03:13:18'),
(1383, 69, 1, 1, 110, '2025-02-05 03:14:39'),
(1384, 70, 1, 1, 110, '2025-02-05 03:14:39'),
(1385, 71, 1, 1, 110, '2025-02-05 03:14:39'),
(1386, 72, 1, 1, 110, '2025-02-05 03:14:39'),
(1387, 73, 0, 1, 110, '2025-02-05 03:14:39'),
(1388, 74, 1, 1, 110, '2025-02-05 03:14:39'),
(1389, 75, 1, 1, 110, '2025-02-05 03:14:39'),
(1390, 76, 1, 1, 110, '2025-02-05 03:14:39'),
(1391, 77, 1, 1, 110, '2025-02-05 03:14:39'),
(1392, 78, 0, 1, 110, '2025-02-05 03:14:39'),
(1393, 79, 0, 1, 110, '2025-02-05 03:14:39'),
(1394, 80, 1, 1, 110, '2025-02-05 03:14:39'),
(1395, 81, 0, 1, 110, '2025-02-05 03:14:39'),
(1396, 82, 1, 1, 110, '2025-02-05 03:14:39'),
(1397, 83, 1, 1, 110, '2025-02-05 03:14:39'),
(1398, 84, 1, 1, 110, '2025-02-05 03:14:39'),
(1399, 85, 1, 1, 110, '2025-02-05 03:14:39'),
(1400, 86, 1, 1, 110, '2025-02-05 03:14:39'),
(1401, 69, 1, 1, 111, '2025-02-05 03:16:22'),
(1402, 70, 1, 1, 111, '2025-02-05 03:16:22'),
(1403, 71, 0, 1, 111, '2025-02-05 03:16:22'),
(1404, 72, 1, 1, 111, '2025-02-05 03:16:22'),
(1405, 73, 1, 1, 111, '2025-02-05 03:16:22'),
(1406, 74, 1, 1, 111, '2025-02-05 03:16:22'),
(1407, 75, 1, 1, 111, '2025-02-05 03:16:22'),
(1408, 76, 1, 1, 111, '2025-02-05 03:16:22'),
(1409, 77, 1, 1, 111, '2025-02-05 03:16:22'),
(1410, 78, 0, 1, 111, '2025-02-05 03:16:22'),
(1411, 79, 0, 1, 111, '2025-02-05 03:16:22'),
(1412, 80, 0, 1, 111, '2025-02-05 03:16:22'),
(1413, 81, 0, 1, 111, '2025-02-05 03:16:22'),
(1414, 82, 0, 1, 111, '2025-02-05 03:16:22'),
(1415, 83, 0, 1, 111, '2025-02-05 03:16:22'),
(1416, 84, 1, 1, 111, '2025-02-05 03:16:22'),
(1417, 85, 0, 1, 111, '2025-02-05 03:16:22'),
(1418, 86, 1, 1, 111, '2025-02-05 03:16:22'),
(1419, 69, 1, 1, 112, '2025-02-05 03:18:08'),
(1420, 70, 1, 1, 112, '2025-02-05 03:18:08'),
(1421, 71, 0, 1, 112, '2025-02-05 03:18:08'),
(1422, 72, 1, 1, 112, '2025-02-05 03:18:08'),
(1423, 73, 0, 1, 112, '2025-02-05 03:18:08'),
(1424, 74, 0, 1, 112, '2025-02-05 03:18:08'),
(1425, 75, 1, 1, 112, '2025-02-05 03:18:08'),
(1426, 76, 1, 1, 112, '2025-02-05 03:18:08'),
(1427, 77, 1, 1, 112, '2025-02-05 03:18:08'),
(1428, 78, 1, 1, 112, '2025-02-05 03:18:08'),
(1429, 79, 0, 1, 112, '2025-02-05 03:18:08'),
(1430, 80, 1, 1, 112, '2025-02-05 03:18:08'),
(1431, 81, 0, 1, 112, '2025-02-05 03:18:08'),
(1432, 82, 0, 1, 112, '2025-02-05 03:18:08'),
(1433, 83, 0, 1, 112, '2025-02-05 03:18:08'),
(1434, 84, 1, 1, 112, '2025-02-05 03:18:08'),
(1435, 85, 1, 1, 112, '2025-02-05 03:18:08'),
(1436, 86, 0, 1, 112, '2025-02-05 03:18:08'),
(1437, 69, 1, 1, 113, '2025-02-05 03:19:32'),
(1438, 70, 0, 1, 113, '2025-02-05 03:19:32'),
(1439, 71, 0, 1, 113, '2025-02-05 03:19:32'),
(1440, 72, 1, 1, 113, '2025-02-05 03:19:32'),
(1441, 73, 1, 1, 113, '2025-02-05 03:19:32'),
(1442, 74, 1, 1, 113, '2025-02-05 03:19:32'),
(1443, 75, 1, 1, 113, '2025-02-05 03:19:32'),
(1444, 76, 1, 1, 113, '2025-02-05 03:19:32'),
(1445, 77, 0, 1, 113, '2025-02-05 03:19:32'),
(1446, 78, 1, 1, 113, '2025-02-05 03:19:32'),
(1447, 79, 0, 1, 113, '2025-02-05 03:19:32'),
(1448, 80, 1, 1, 113, '2025-02-05 03:19:32'),
(1449, 81, 0, 1, 113, '2025-02-05 03:19:32'),
(1450, 82, 0, 1, 113, '2025-02-05 03:19:32'),
(1451, 83, 1, 1, 113, '2025-02-05 03:19:32'),
(1452, 84, 1, 1, 113, '2025-02-05 03:19:32'),
(1453, 85, 0, 1, 113, '2025-02-05 03:19:32'),
(1454, 86, 1, 1, 113, '2025-02-05 03:19:32'),
(1455, 69, 1, 1, 114, '2025-02-05 03:20:46'),
(1456, 70, 0, 1, 114, '2025-02-05 03:20:46'),
(1457, 71, 0, 1, 114, '2025-02-05 03:20:46'),
(1458, 72, 1, 1, 114, '2025-02-05 03:20:46'),
(1459, 73, 1, 1, 114, '2025-02-05 03:20:46'),
(1460, 74, 1, 1, 114, '2025-02-05 03:20:46'),
(1461, 75, 1, 1, 114, '2025-02-05 03:20:46'),
(1462, 76, 1, 1, 114, '2025-02-05 03:20:46'),
(1463, 77, 0, 1, 114, '2025-02-05 03:20:46'),
(1464, 78, 1, 1, 114, '2025-02-05 03:20:46'),
(1465, 79, 0, 1, 114, '2025-02-05 03:20:46'),
(1466, 80, 1, 1, 114, '2025-02-05 03:20:46'),
(1467, 81, 1, 1, 114, '2025-02-05 03:20:46'),
(1468, 82, 0, 1, 114, '2025-02-05 03:20:46'),
(1469, 83, 1, 1, 114, '2025-02-05 03:20:46'),
(1470, 84, 1, 1, 114, '2025-02-05 03:20:46'),
(1471, 85, 0, 1, 114, '2025-02-05 03:20:46'),
(1472, 86, 1, 1, 114, '2025-02-05 03:20:46'),
(1473, 69, 1, 1, 115, '2025-02-05 03:23:28'),
(1474, 70, 0, 1, 115, '2025-02-05 03:23:28'),
(1475, 71, 1, 1, 115, '2025-02-05 03:23:28'),
(1476, 72, 1, 1, 115, '2025-02-05 03:23:28'),
(1477, 73, 1, 1, 115, '2025-02-05 03:23:28'),
(1478, 74, 1, 1, 115, '2025-02-05 03:23:28'),
(1479, 75, 1, 1, 115, '2025-02-05 03:23:28'),
(1480, 76, 1, 1, 115, '2025-02-05 03:23:28'),
(1481, 77, 1, 1, 115, '2025-02-05 03:23:28'),
(1482, 78, 1, 1, 115, '2025-02-05 03:23:28'),
(1483, 79, 0, 1, 115, '2025-02-05 03:23:28'),
(1484, 80, 0, 1, 115, '2025-02-05 03:23:28'),
(1485, 81, 0, 1, 115, '2025-02-05 03:23:28'),
(1486, 82, 1, 1, 115, '2025-02-05 03:23:28'),
(1487, 83, 1, 1, 115, '2025-02-05 03:23:28'),
(1488, 84, 1, 1, 115, '2025-02-05 03:23:28'),
(1489, 85, 1, 1, 115, '2025-02-05 03:23:28'),
(1490, 86, 0, 1, 115, '2025-02-05 03:23:28'),
(1491, 69, 0, 1, 116, '2025-02-05 03:25:48'),
(1492, 70, 0, 1, 116, '2025-02-05 03:25:48'),
(1493, 71, 0, 1, 116, '2025-02-05 03:25:48'),
(1494, 72, 1, 1, 116, '2025-02-05 03:25:48'),
(1495, 73, 1, 1, 116, '2025-02-05 03:25:48'),
(1496, 74, 0, 1, 116, '2025-02-05 03:25:48'),
(1497, 75, 1, 1, 116, '2025-02-05 03:25:48'),
(1498, 76, 1, 1, 116, '2025-02-05 03:25:48'),
(1499, 77, 1, 1, 116, '2025-02-05 03:25:48'),
(1500, 78, 0, 1, 116, '2025-02-05 03:25:48'),
(1501, 79, 0, 1, 116, '2025-02-05 03:25:48'),
(1502, 80, 0, 1, 116, '2025-02-05 03:25:48'),
(1503, 81, 0, 1, 116, '2025-02-05 03:25:48'),
(1504, 82, 0, 1, 116, '2025-02-05 03:25:48'),
(1505, 83, 0, 1, 116, '2025-02-05 03:25:48'),
(1506, 84, 0, 1, 116, '2025-02-05 03:25:48'),
(1507, 85, 0, 1, 116, '2025-02-05 03:25:48'),
(1508, 86, 1, 1, 116, '2025-02-05 03:25:48'),
(1509, 69, 1, 1, 117, '2025-02-05 03:27:46'),
(1510, 70, 0, 1, 117, '2025-02-05 03:27:46'),
(1511, 71, 0, 1, 117, '2025-02-05 03:27:46'),
(1512, 72, 1, 1, 117, '2025-02-05 03:27:46'),
(1513, 73, 1, 1, 117, '2025-02-05 03:27:46'),
(1514, 74, 1, 1, 117, '2025-02-05 03:27:46'),
(1515, 75, 0, 1, 117, '2025-02-05 03:27:46'),
(1516, 76, 1, 1, 117, '2025-02-05 03:27:46'),
(1517, 77, 1, 1, 117, '2025-02-05 03:27:46'),
(1518, 78, 1, 1, 117, '2025-02-05 03:27:46'),
(1519, 79, 0, 1, 117, '2025-02-05 03:27:46'),
(1520, 80, 0, 1, 117, '2025-02-05 03:27:46'),
(1521, 81, 0, 1, 117, '2025-02-05 03:27:46'),
(1522, 82, 0, 1, 117, '2025-02-05 03:27:46'),
(1523, 83, 1, 1, 117, '2025-02-05 03:27:46'),
(1524, 84, 1, 1, 117, '2025-02-05 03:27:46'),
(1525, 85, 0, 1, 117, '2025-02-05 03:27:46'),
(1526, 86, 0, 1, 117, '2025-02-05 03:27:46'),
(1527, 69, 0, 1, 118, '2025-02-05 03:30:09'),
(1528, 70, 0, 1, 118, '2025-02-05 03:30:09'),
(1529, 71, 0, 1, 118, '2025-02-05 03:30:09'),
(1530, 72, 1, 1, 118, '2025-02-05 03:30:09'),
(1531, 73, 1, 1, 118, '2025-02-05 03:30:09'),
(1532, 74, 1, 1, 118, '2025-02-05 03:30:09'),
(1533, 75, 1, 1, 118, '2025-02-05 03:30:09'),
(1534, 76, 0, 1, 118, '2025-02-05 03:30:09'),
(1535, 77, 1, 1, 118, '2025-02-05 03:30:09'),
(1536, 78, 0, 1, 118, '2025-02-05 03:30:09'),
(1537, 79, 0, 1, 118, '2025-02-05 03:30:09'),
(1538, 80, 0, 1, 118, '2025-02-05 03:30:09'),
(1539, 81, 1, 1, 118, '2025-02-05 03:30:09'),
(1540, 82, 0, 1, 118, '2025-02-05 03:30:09'),
(1541, 83, 1, 1, 118, '2025-02-05 03:30:09');
INSERT INTO `activity` (`checkID`, `stdID`, `checkStatus`, `groupID`, `dateID`, `time`) VALUES
(1542, 84, 0, 1, 118, '2025-02-05 03:30:09'),
(1543, 85, 0, 1, 118, '2025-02-05 03:30:09'),
(1544, 86, 0, 1, 118, '2025-02-05 03:30:09'),
(1545, 69, 0, 1, 119, '2025-02-05 03:31:28'),
(1546, 70, 0, 1, 119, '2025-02-05 03:31:28'),
(1547, 71, 0, 1, 119, '2025-02-05 03:31:28'),
(1548, 72, 1, 1, 119, '2025-02-05 03:31:28'),
(1549, 73, 1, 1, 119, '2025-02-05 03:31:28'),
(1550, 74, 1, 1, 119, '2025-02-05 03:31:28'),
(1551, 75, 1, 1, 119, '2025-02-05 03:31:28'),
(1552, 76, 1, 1, 119, '2025-02-05 03:31:28'),
(1553, 77, 0, 1, 119, '2025-02-05 03:31:28'),
(1554, 78, 1, 1, 119, '2025-02-05 03:31:28'),
(1555, 79, 0, 1, 119, '2025-02-05 03:31:28'),
(1556, 80, 0, 1, 119, '2025-02-05 03:31:28'),
(1557, 81, 1, 1, 119, '2025-02-05 03:31:28'),
(1558, 82, 0, 1, 119, '2025-02-05 03:31:28'),
(1559, 83, 1, 1, 119, '2025-02-05 03:31:28'),
(1560, 84, 0, 1, 119, '2025-02-05 03:31:28'),
(1561, 85, 0, 1, 119, '2025-02-05 03:31:28'),
(1562, 86, 1, 1, 119, '2025-02-05 03:31:28'),
(1563, 69, 1, 1, 120, '2025-02-05 03:32:34'),
(1564, 70, 0, 1, 120, '2025-02-05 03:32:34'),
(1565, 71, 0, 1, 120, '2025-02-05 03:32:34'),
(1566, 72, 1, 1, 120, '2025-02-05 03:32:34'),
(1567, 73, 1, 1, 120, '2025-02-05 03:32:34'),
(1568, 74, 1, 1, 120, '2025-02-05 03:32:34'),
(1569, 75, 1, 1, 120, '2025-02-05 03:32:34'),
(1570, 76, 0, 1, 120, '2025-02-05 03:32:34'),
(1571, 77, 1, 1, 120, '2025-02-05 03:32:34'),
(1572, 78, 0, 1, 120, '2025-02-05 03:32:34'),
(1573, 79, 0, 1, 120, '2025-02-05 03:32:34'),
(1574, 80, 0, 1, 120, '2025-02-05 03:32:34'),
(1575, 81, 1, 1, 120, '2025-02-05 03:32:34'),
(1576, 82, 0, 1, 120, '2025-02-05 03:32:34'),
(1577, 83, 1, 1, 120, '2025-02-05 03:32:34'),
(1578, 84, 1, 1, 120, '2025-02-05 03:32:34'),
(1579, 85, 0, 1, 120, '2025-02-05 03:32:34'),
(1580, 86, 0, 1, 120, '2025-02-05 03:32:34'),
(1581, 69, 1, 1, 121, '2025-02-05 03:34:15'),
(1582, 70, 0, 1, 121, '2025-02-05 03:34:15'),
(1583, 71, 0, 1, 121, '2025-02-05 03:34:15'),
(1584, 72, 1, 1, 121, '2025-02-05 03:34:15'),
(1585, 73, 1, 1, 121, '2025-02-05 03:34:15'),
(1586, 74, 1, 1, 121, '2025-02-05 03:34:15'),
(1587, 75, 1, 1, 121, '2025-02-05 03:34:15'),
(1588, 76, 1, 1, 121, '2025-02-05 03:34:15'),
(1589, 77, 1, 1, 121, '2025-02-05 03:34:15'),
(1590, 78, 0, 1, 121, '2025-02-05 03:34:15'),
(1591, 79, 0, 1, 121, '2025-02-05 03:34:15'),
(1592, 80, 0, 1, 121, '2025-02-05 03:34:15'),
(1593, 81, 1, 1, 121, '2025-02-05 03:34:15'),
(1594, 82, 0, 1, 121, '2025-02-05 03:34:15'),
(1595, 83, 0, 1, 121, '2025-02-05 03:34:15'),
(1596, 84, 1, 1, 121, '2025-02-05 03:34:15'),
(1597, 85, 1, 1, 121, '2025-02-05 03:34:15'),
(1598, 86, 1, 1, 121, '2025-02-05 03:34:15'),
(1599, 69, 0, 1, 122, '2025-02-05 03:35:36'),
(1600, 70, 0, 1, 122, '2025-02-05 03:35:36'),
(1601, 71, 0, 1, 122, '2025-02-05 03:35:36'),
(1602, 72, 1, 1, 122, '2025-02-05 03:35:36'),
(1603, 73, 0, 1, 122, '2025-02-05 03:35:36'),
(1604, 74, 1, 1, 122, '2025-02-05 03:35:36'),
(1605, 75, 1, 1, 122, '2025-02-05 03:35:36'),
(1606, 76, 1, 1, 122, '2025-02-05 03:35:36'),
(1607, 77, 1, 1, 122, '2025-02-05 03:35:36'),
(1608, 78, 1, 1, 122, '2025-02-05 03:35:36'),
(1609, 79, 0, 1, 122, '2025-02-05 03:35:36'),
(1610, 80, 0, 1, 122, '2025-02-05 03:35:36'),
(1611, 81, 1, 1, 122, '2025-02-05 03:35:36'),
(1612, 82, 0, 1, 122, '2025-02-05 03:35:36'),
(1613, 83, 0, 1, 122, '2025-02-05 03:35:36'),
(1614, 84, 1, 1, 122, '2025-02-05 03:35:36'),
(1615, 85, 1, 1, 122, '2025-02-05 03:35:36'),
(1616, 86, 1, 1, 122, '2025-02-05 03:35:36'),
(1617, 69, 0, 1, 123, '2025-02-05 03:37:09'),
(1618, 70, 0, 1, 123, '2025-02-05 03:37:09'),
(1619, 71, 0, 1, 123, '2025-02-05 03:37:09'),
(1620, 72, 1, 1, 123, '2025-02-05 03:37:09'),
(1621, 73, 1, 1, 123, '2025-02-05 03:37:09'),
(1622, 74, 1, 1, 123, '2025-02-05 03:37:09'),
(1623, 75, 1, 1, 123, '2025-02-05 03:37:09'),
(1624, 76, 0, 1, 123, '2025-02-05 03:37:09'),
(1625, 77, 1, 1, 123, '2025-02-05 03:37:09'),
(1626, 78, 0, 1, 123, '2025-02-05 03:37:09'),
(1627, 79, 0, 1, 123, '2025-02-05 03:37:09'),
(1628, 80, 0, 1, 123, '2025-02-05 03:37:09'),
(1629, 81, 1, 1, 123, '2025-02-05 03:37:09'),
(1630, 82, 0, 1, 123, '2025-02-05 03:37:09'),
(1631, 83, 0, 1, 123, '2025-02-05 03:37:09'),
(1632, 84, 1, 1, 123, '2025-02-05 03:37:09'),
(1633, 85, 0, 1, 123, '2025-02-05 03:37:09'),
(1634, 86, 0, 1, 123, '2025-02-05 03:37:09'),
(1635, 69, 0, 1, 124, '2025-02-05 03:38:25'),
(1636, 70, 0, 1, 124, '2025-02-05 03:38:25'),
(1637, 71, 0, 1, 124, '2025-02-05 03:38:25'),
(1638, 72, 1, 1, 124, '2025-02-05 03:38:25'),
(1639, 73, 1, 1, 124, '2025-02-05 03:38:25'),
(1640, 74, 1, 1, 124, '2025-02-05 03:38:25'),
(1641, 75, 1, 1, 124, '2025-02-05 03:38:25'),
(1642, 76, 1, 1, 124, '2025-02-05 03:38:25'),
(1643, 77, 1, 1, 124, '2025-02-05 03:38:25'),
(1644, 78, 0, 1, 124, '2025-02-05 03:38:25'),
(1645, 79, 0, 1, 124, '2025-02-05 03:38:25'),
(1646, 80, 0, 1, 124, '2025-02-05 03:38:25'),
(1647, 81, 1, 1, 124, '2025-02-05 03:38:25'),
(1648, 82, 0, 1, 124, '2025-02-05 03:38:25'),
(1649, 83, 0, 1, 124, '2025-02-05 03:38:25'),
(1650, 84, 1, 1, 124, '2025-02-05 03:38:25'),
(1651, 85, 0, 1, 124, '2025-02-05 03:38:25'),
(1652, 86, 1, 1, 124, '2025-02-05 03:38:25'),
(1653, 69, 1, 1, 125, '2025-02-05 03:39:51'),
(1654, 70, 0, 1, 125, '2025-02-05 03:39:51'),
(1655, 71, 0, 1, 125, '2025-02-05 03:39:51'),
(1656, 72, 1, 1, 125, '2025-02-05 03:39:51'),
(1657, 73, 1, 1, 125, '2025-02-05 03:39:51'),
(1658, 74, 1, 1, 125, '2025-02-05 03:39:51'),
(1659, 75, 0, 1, 125, '2025-02-05 03:39:51'),
(1660, 76, 0, 1, 125, '2025-02-05 03:39:51'),
(1661, 77, 1, 1, 125, '2025-02-05 03:39:51'),
(1662, 78, 1, 1, 125, '2025-02-05 03:39:51'),
(1663, 79, 0, 1, 125, '2025-02-05 03:39:51'),
(1664, 80, 0, 1, 125, '2025-02-05 03:39:51'),
(1665, 81, 1, 1, 125, '2025-02-05 03:39:51'),
(1666, 82, 0, 1, 125, '2025-02-05 03:39:51'),
(1667, 83, 1, 1, 125, '2025-02-05 03:39:51'),
(1668, 84, 0, 1, 125, '2025-02-05 03:39:51'),
(1669, 85, 0, 1, 125, '2025-02-05 03:39:51'),
(1670, 86, 0, 1, 125, '2025-02-05 03:39:51'),
(1671, 69, 1, 1, 126, '2025-02-05 03:41:10'),
(1672, 70, 0, 1, 126, '2025-02-05 03:41:10'),
(1673, 71, 0, 1, 126, '2025-02-05 03:41:10'),
(1674, 72, 1, 1, 126, '2025-02-05 03:41:10'),
(1675, 73, 0, 1, 126, '2025-02-05 03:41:10'),
(1676, 74, 1, 1, 126, '2025-02-05 03:41:10'),
(1677, 75, 1, 1, 126, '2025-02-05 03:41:10'),
(1678, 76, 0, 1, 126, '2025-02-05 03:41:10'),
(1679, 77, 1, 1, 126, '2025-02-05 03:41:10'),
(1680, 78, 0, 1, 126, '2025-02-05 03:41:10'),
(1681, 79, 0, 1, 126, '2025-02-05 03:41:10'),
(1682, 80, 0, 1, 126, '2025-02-05 03:41:10'),
(1683, 81, 1, 1, 126, '2025-02-05 03:41:10'),
(1684, 82, 0, 1, 126, '2025-02-05 03:41:10'),
(1685, 83, 1, 1, 126, '2025-02-05 03:41:10'),
(1686, 84, 0, 1, 126, '2025-02-05 03:41:10'),
(1687, 85, 0, 1, 126, '2025-02-05 03:41:10'),
(1688, 86, 0, 1, 126, '2025-02-05 03:41:10'),
(1689, 69, 1, 1, 127, '2025-02-05 03:42:55'),
(1690, 70, 0, 1, 127, '2025-02-05 03:42:55'),
(1691, 71, 0, 1, 127, '2025-02-05 03:42:55'),
(1692, 72, 1, 1, 127, '2025-02-05 03:42:55'),
(1693, 73, 0, 1, 127, '2025-02-05 03:42:55'),
(1694, 74, 1, 1, 127, '2025-02-05 03:42:55'),
(1695, 75, 1, 1, 127, '2025-02-05 03:42:55'),
(1696, 76, 1, 1, 127, '2025-02-05 03:42:55'),
(1697, 77, 0, 1, 127, '2025-02-05 03:42:55'),
(1698, 78, 0, 1, 127, '2025-02-05 03:42:55'),
(1699, 79, 0, 1, 127, '2025-02-05 03:42:55'),
(1700, 80, 0, 1, 127, '2025-02-05 03:42:55'),
(1701, 81, 1, 1, 127, '2025-02-05 03:42:55'),
(1702, 82, 0, 1, 127, '2025-02-05 03:42:55'),
(1703, 83, 0, 1, 127, '2025-02-05 03:42:55'),
(1704, 84, 1, 1, 127, '2025-02-05 03:42:55'),
(1705, 85, 0, 1, 127, '2025-02-05 03:42:55'),
(1706, 86, 1, 1, 127, '2025-02-05 03:42:55'),
(1707, 69, 0, 1, 128, '2025-02-05 07:30:41'),
(1708, 70, 0, 1, 128, '2025-02-05 07:30:41'),
(1709, 71, 0, 1, 128, '2025-02-05 07:30:41'),
(1710, 72, 1, 1, 128, '2025-02-05 07:30:41'),
(1711, 73, 1, 1, 128, '2025-02-05 07:30:41'),
(1712, 74, 1, 1, 128, '2025-02-05 07:30:41'),
(1713, 75, 1, 1, 128, '2025-02-05 07:30:41'),
(1714, 76, 0, 1, 128, '2025-02-05 07:30:41'),
(1715, 77, 0, 1, 128, '2025-02-05 07:30:41'),
(1716, 78, 1, 1, 128, '2025-02-05 07:30:41'),
(1717, 79, 0, 1, 128, '2025-02-05 07:30:41'),
(1718, 80, 1, 1, 128, '2025-02-05 07:30:41'),
(1719, 81, 1, 1, 128, '2025-02-05 07:30:41'),
(1720, 82, 0, 1, 128, '2025-02-05 07:30:41'),
(1721, 83, 1, 1, 128, '2025-02-05 07:30:41'),
(1722, 84, 1, 1, 128, '2025-02-05 07:30:41'),
(1723, 85, 0, 1, 128, '2025-02-05 07:30:41'),
(1724, 86, 0, 1, 128, '2025-02-05 07:30:41'),
(1761, 87, 0, 3, 130, '2025-02-06 04:08:49'),
(1765, 91, 1, 3, 130, '2025-02-06 04:08:49'),
(1766, 92, 1, 3, 130, '2025-02-06 04:08:49'),
(1768, 94, 1, 3, 130, '2025-02-06 04:08:49'),
(1769, 95, 0, 3, 130, '2025-02-06 04:08:49'),
(1770, 88, 1, 3, 130, '2025-02-06 06:39:30'),
(1771, 89, 1, 3, 130, '2025-02-06 06:39:30'),
(1772, 90, 1, 3, 130, '2025-02-06 06:39:30'),
(1773, 93, 1, 3, 130, '2025-02-06 06:39:30'),
(1774, 69, 1, 1, 136, '2025-02-07 01:50:49'),
(1775, 70, 1, 1, 136, '2025-02-07 01:50:49'),
(1776, 71, 1, 1, 136, '2025-02-07 01:50:49'),
(1777, 72, 1, 1, 136, '2025-02-07 01:50:49'),
(1778, 73, 1, 1, 136, '2025-02-07 01:50:49'),
(1779, 74, 1, 1, 136, '2025-02-07 01:50:49'),
(1780, 75, 1, 1, 136, '2025-02-07 01:50:49'),
(1781, 76, 1, 1, 136, '2025-02-07 01:50:49'),
(1782, 77, 1, 1, 136, '2025-02-07 01:50:49'),
(1783, 78, 1, 1, 136, '2025-02-07 01:50:49'),
(1784, 79, 0, 1, 136, '2025-02-07 01:50:49'),
(1785, 80, 1, 1, 136, '2025-02-07 01:50:49'),
(1786, 81, 1, 1, 136, '2025-02-07 01:50:49'),
(1787, 82, 1, 1, 136, '2025-02-07 01:50:50'),
(1788, 83, 1, 1, 136, '2025-02-07 01:50:50'),
(1789, 84, 1, 1, 136, '2025-02-07 01:50:50'),
(1790, 85, 0, 1, 136, '2025-02-07 01:50:50'),
(1791, 86, 1, 1, 136, '2025-02-07 01:50:50'),
(1792, 69, 0, 1, 138, '2025-02-07 02:52:22'),
(1793, 70, 0, 1, 138, '2025-02-07 02:52:22'),
(1794, 71, 1, 1, 138, '2025-02-07 02:52:22'),
(1795, 72, 0.5, 1, 138, '2025-02-07 02:52:22'),
(1796, 73, 1, 1, 138, '2025-02-07 02:52:22'),
(1797, 74, 1, 1, 138, '2025-02-07 02:52:22'),
(1798, 75, 1, 1, 138, '2025-02-07 02:52:22'),
(1799, 76, 1, 1, 138, '2025-02-07 02:52:22'),
(1800, 77, 1, 1, 138, '2025-02-07 02:52:22'),
(1801, 78, 1, 1, 138, '2025-02-07 02:52:22'),
(1802, 79, 1, 1, 138, '2025-02-07 02:52:22'),
(1803, 80, 1, 1, 138, '2025-02-07 02:52:22'),
(1804, 81, 1, 1, 138, '2025-02-07 02:52:22'),
(1805, 82, 1, 1, 138, '2025-02-07 02:52:22'),
(1806, 83, 1, 1, 138, '2025-02-07 02:52:22'),
(1807, 84, 1, 1, 138, '2025-02-07 02:52:22'),
(1808, 85, 1, 1, 138, '2025-02-07 02:52:22'),
(1809, 86, 1, 1, 138, '2025-02-07 02:52:22'),
(1810, 69, 1, 1, 140, '2025-02-18 05:20:49'),
(1811, 70, 1, 1, 140, '2025-02-18 05:20:49'),
(1812, 71, 1, 1, 140, '2025-02-18 05:20:49'),
(1813, 72, 1, 1, 140, '2025-02-18 05:20:49'),
(1814, 73, 1, 1, 140, '2025-02-18 05:20:49'),
(1815, 74, 1, 1, 140, '2025-02-18 05:20:49'),
(1816, 75, 1, 1, 140, '2025-02-18 05:20:49'),
(1817, 76, 1, 1, 140, '2025-02-18 05:20:49'),
(1818, 77, 1, 1, 140, '2025-02-18 05:20:49'),
(1819, 78, 1, 1, 140, '2025-02-18 05:20:49'),
(1820, 79, 1, 1, 140, '2025-02-18 05:20:49'),
(1821, 80, 1, 1, 140, '2025-02-18 05:20:49'),
(1822, 81, 1, 1, 140, '2025-02-18 05:20:49'),
(1823, 82, 1, 1, 140, '2025-02-18 05:20:49'),
(1824, 83, 1, 1, 140, '2025-02-18 05:20:49'),
(1825, 84, 1, 1, 140, '2025-02-18 05:20:49'),
(1826, 85, 1, 1, 140, '2025-02-18 05:20:49'),
(1827, 86, 1, 1, 140, '2025-02-18 05:20:49');

-- --------------------------------------------------------

--
-- Table structure for table `admins`
--

CREATE TABLE `admins` (
  `adminUserName` varchar(20) NOT NULL,
  `adminPass` varchar(20) NOT NULL,
  `statusID` varchar(5) NOT NULL
) ENGINE=InnoDB DEFAULT CHARSET=utf8mb4 COLLATE=utf8mb4_general_ci;

--
-- Dumping data for table `admins`
--

INSERT INTO `admins` (`adminUserName`, `adminPass`, `statusID`) VALUES
('admin', '1234', '3');

-- --------------------------------------------------------

--
-- Table structure for table `branch`
--

CREATE TABLE `branch` (
  `branchID` int(11) NOT NULL,
  `branchName` varchar(50) NOT NULL
) ENGINE=InnoDB DEFAULT CHARSET=utf8mb4 COLLATE=utf8mb4_general_ci;

--
-- Dumping data for table `branch`
--

INSERT INTO `branch` (`branchID`, `branchName`) VALUES
(1, '');

-- --------------------------------------------------------

--
-- Table structure for table `date`
--

CREATE TABLE `date` (
  `dateID` int(11) NOT NULL,
  `date` date NOT NULL DEFAULT current_timestamp(),
  `groupID` int(11) NOT NULL,
  `imgID` int(10) NOT NULL,
  `yearID` varchar(10) NOT NULL
) ENGINE=InnoDB DEFAULT CHARSET=utf8mb4 COLLATE=utf8mb4_general_ci;

--
-- Dumping data for table `date`
--

INSERT INTO `date` (`dateID`, `date`, `groupID`, `imgID`, `yearID`) VALUES
(52, '2024-10-16', 1, 19, '1'),
(55, '2024-10-17', 1, 20, '1'),
(56, '2024-10-18', 1, 21, '1'),
(57, '2024-10-21', 1, 22, '1'),
(58, '2024-10-22', 1, 23, '1'),
(59, '2024-10-24', 1, 24, '1'),
(60, '2024-10-25', 1, 25, '1'),
(61, '2024-10-28', 1, 26, '1'),
(62, '2024-10-29', 1, 27, '1'),
(63, '2024-10-30', 1, 28, '1'),
(64, '2024-10-31', 1, 29, '1'),
(65, '2024-11-01', 1, 30, '1'),
(66, '2024-11-04', 1, 31, '1'),
(67, '2024-11-05', 1, 32, '1'),
(68, '2024-11-06', 1, 33, '1'),
(69, '2024-11-07', 1, 34, '1'),
(70, '2024-11-08', 1, 35, '1'),
(71, '2024-11-11', 1, 36, '1'),
(72, '2024-11-12', 1, 37, '1'),
(73, '2024-11-13', 1, 38, '1'),
(74, '2024-11-14', 1, 39, '1'),
(75, '2024-11-15', 1, 40, '1'),
(76, '2024-10-15', 1, 0, '1'),
(77, '2024-11-18', 1, 41, '1'),
(78, '2024-11-19', 1, 42, '1'),
(79, '2024-11-20', 1, 43, '1'),
(80, '2024-11-21', 1, 44, '1'),
(81, '2024-11-22', 1, 45, '1'),
(82, '2024-11-25', 1, 46, '1'),
(83, '2024-11-26', 1, 47, '1'),
(84, '2024-11-27', 1, 48, '1'),
(85, '2024-11-28', 1, 49, '1'),
(86, '2024-11-29', 1, 50, '1'),
(87, '2024-12-02', 1, 51, '1'),
(88, '2024-12-03', 1, 52, '1'),
(89, '2024-12-04', 1, 53, '1'),
(90, '2024-12-06', 1, 54, '1'),
(91, '2024-12-09', 1, 55, '1'),
(92, '2024-12-11', 1, 56, '1'),
(93, '2024-12-12', 1, 57, '1'),
(94, '2024-12-13', 1, 58, '1'),
(95, '2024-12-16', 1, 59, '1'),
(96, '2024-12-17', 1, 60, '1'),
(97, '2024-12-18', 1, 61, '1'),
(98, '2024-12-19', 1, 62, '1'),
(99, '2024-12-20', 1, 63, '1'),
(100, '2024-12-23', 1, 64, '1'),
(101, '2024-12-24', 1, 65, '1'),
(102, '2024-12-25', 1, 66, '1'),
(103, '2024-12-26', 1, 67, '1'),
(104, '2024-12-27', 1, 68, '1'),
(105, '2025-01-02', 1, 69, '1'),
(106, '2025-01-03', 1, 70, '1'),
(107, '2025-01-06', 1, 71, '1'),
(108, '2025-01-07', 1, 72, '1'),
(109, '2025-01-08', 1, 73, '1'),
(110, '2025-01-09', 1, 74, '1'),
(111, '2025-01-10', 1, 75, '1'),
(112, '2025-01-13', 1, 76, '1'),
(113, '2025-01-14', 1, 77, '1'),
(114, '2025-01-15', 1, 78, '1'),
(115, '2025-01-17', 1, 79, '1'),
(116, '2025-01-20', 1, 80, '1'),
(117, '2025-01-21', 1, 81, '1'),
(118, '2025-01-22', 1, 82, '1'),
(119, '2025-01-23', 1, 83, '1'),
(120, '2025-01-24', 1, 84, '1'),
(121, '2025-01-27', 1, 85, '1'),
(122, '2025-01-28', 1, 86, '1'),
(123, '2025-01-29', 1, 87, '1'),
(124, '2025-01-30', 1, 88, '1'),
(125, '2025-01-31', 1, 89, '1'),
(126, '2025-02-03', 1, 90, '1'),
(127, '2025-02-04', 1, 91, '1'),
(128, '2025-02-05', 1, 92, '1'),
(130, '2025-02-06', 3, 95, '1'),
(133, '2025-02-07', 3, 0, '1'),
(136, '2025-02-06', 1, 97, '1'),
(138, '2025-02-07', 1, 98, '1'),
(139, '2025-02-10', 1, 99, '1'),
(140, '2025-02-18', 1, 100, '1');

-- --------------------------------------------------------

--
-- Table structure for table `department`
--

CREATE TABLE `department` (
  `depID` int(11) NOT NULL,
  `depName` varchar(50) NOT NULL
) ENGINE=InnoDB DEFAULT CHARSET=utf8mb4 COLLATE=utf8mb4_general_ci;

--
-- Dumping data for table `department`
--

INSERT INTO `department` (`depID`, `depName`) VALUES
(1, '');

-- --------------------------------------------------------

--
-- Table structure for table `group`
--

CREATE TABLE `group` (
  `groupID` int(11) NOT NULL,
  `roomID` int(10) NOT NULL,
  `branchID` int(10) NOT NULL,
  `depID` int(10) NOT NULL,
  `adviserID` int(11) NOT NULL
) ENGINE=InnoDB DEFAULT CHARSET=utf8mb4 COLLATE=utf8mb4_general_ci;

--
-- Dumping data for table `group`
--

INSERT INTO `group` (`groupID`, `roomID`, `branchID`, `depID`, `adviserID`) VALUES
(1, 55, 1, 1, 5),
(3, 51, 1, 1, 1),
(46, 85, 1, 1, 46);

-- --------------------------------------------------------

--
-- Table structure for table `img`
--

CREATE TABLE `img` (
  `imgID` int(11) NOT NULL,
  `imgName` varchar(50) NOT NULL
) ENGINE=InnoDB DEFAULT CHARSET=utf8mb4 COLLATE=utf8mb4_general_ci;

--
-- Dumping data for table `img`
--

INSERT INTO `img` (`imgID`, `imgName`) VALUES
(0, 'default.png'),
(2, '35_1738415088564.png'),
(3, '36_1738415110960.png'),
(4, '35_1738415732407.png'),
(5, '36_1738415773117.png'),
(6, '34_1738415811919.png'),
(7, '33_1738509101031.png'),
(8, '30_1738509132558.png'),
(9, '29_1738509181621.png'),
(10, '28_1738509222616.png'),
(11, '28_1738509338906.png'),
(12, '50_1738516252942.png'),
(13, '30_1738516332323.png'),
(14, '51_1738651432089.png'),
(15, '51_1738657783742.png'),
(16, '54_1738661311372.png'),
(17, '52_1738661372856.png'),
(18, '53_1738695440422.png'),
(19, '52_1738695925762.png'),
(20, '55_1738695943807.png'),
(21, '56_1738695983175.png'),
(22, '57_1738696515622.png'),
(23, '58_1738696548498.png'),
(24, '59_1738696594316.png'),
(25, '60_1738696645033.png'),
(26, '61_1738696682659.png'),
(27, '62_1738696718652.png'),
(28, '63_1738696749581.png'),
(29, '64_1738696781131.png'),
(30, '65_1738696814826.png'),
(31, '66_1738696870026.png'),
(32, '67_1738696922009.png'),
(33, '68_1738696939745.png'),
(34, '69_1738696983376.png'),
(35, '70_1738697026151.png'),
(36, '71_1738697129421.png'),
(37, '72_1738697168121.png'),
(38, '73_1738697210391.png'),
(39, '74_1738697331305.png'),
(40, '75_1738697387962.png'),
(41, '77_1738722678998.png'),
(42, '78_1738722746163.png'),
(43, '79_1738722832129.png'),
(44, '80_1738722953520.png'),
(45, '81_1738723029376.png'),
(46, '82_1738723098423.png'),
(47, '83_1738723177891.png'),
(48, '84_1738723245864.png'),
(49, '85_1738723308280.png'),
(50, '86_1738723369950.png'),
(51, '87_1738723435921.png'),
(52, '88_1738723515335.png'),
(53, '89_1738723592087.png'),
(54, '90_1738723689822.png'),
(55, '91_1738723786020.png'),
(56, '92_1738723863097.png'),
(57, '93_1738723960362.png'),
(58, '94_1738724043342.png'),
(59, '95_1738724092474.png'),
(60, '96_1738724153301.png'),
(61, '97_1738724216246.png'),
(62, '98_1738724282886.png'),
(63, '99_1738724351207.png'),
(64, '100_1738724427974.png'),
(65, '101_1738724525613.png'),
(66, '102_1738724590509.png'),
(67, '103_1738724649500.png'),
(68, '104_1738724724223.png'),
(69, '105_1738724817137.png'),
(70, '106_1738724925970.png'),
(71, '107_1738725006122.png'),
(72, '108_1738725107903.png'),
(73, '109_1738725195148.png'),
(74, '110_1738725276550.png'),
(75, '111_1738725374529.png'),
(76, '112_1738725481522.png'),
(77, '113_1738725569192.png'),
(78, '114_1738725641237.png'),
(79, '115_1738725803300.png'),
(80, '116_1738725945641.png'),
(81, '117_1738726059798.png'),
(82, '118_1738726196156.png'),
(83, '119_1738726283924.png'),
(84, '120_1738726351699.png'),
(85, '121_1738726445187.png'),
(86, '122_1738726533268.png'),
(87, '123_1738726619655.png'),
(88, '124_1738726702419.png'),
(89, '125_1738726788182.png'),
(90, '126_1738726868009.png'),
(91, '127_1738726972720.png'),
(92, '128_1738740569554.png'),
(93, '129_1738810242097.png'),
(95, '130_1738814978906.png'),
(96, '132_1738823434068.png'),
(97, '136_1738892994138.png'),
(98, '138_1738896719223.png'),
(99, '139_1739854259358.png'),
(100, '140_1739856032030.png');

-- --------------------------------------------------------

--
-- Table structure for table `room`
--

CREATE TABLE `room` (
  `roomID` int(11) NOT NULL,
  `roomName` varchar(10) NOT NULL
) ENGINE=InnoDB DEFAULT CHARSET=utf8mb4 COLLATE=utf8mb4_general_ci;

--
-- Dumping data for table `room`
--

INSERT INTO `room` (`roomID`, `roomName`) VALUES
(11, 'A1'),
(12, 'A2'),
(21, 'B1'),
(22, 'B2'),
(31, 'C1'),
(32, 'C2'),
(41, 'D1'),
(45, 'D5'),
(51, 'E1'),
(55, 'E5'),
(57, 'Y8'),
(58, 'Y8'),
(59, 'Y8'),
(60, 'Y5'),
(61, 'L4'),
(62, 'F7'),
(63, 'K1'),
(64, 'I3'),
(65, 'C1'),
(66, 'C1'),
(67, 'P1'),
(68, 'V6'),
(69, 'B9'),
(70, 'E8'),
(71, 'E1'),
(72, 'E6'),
(73, 'E6'),
(74, 'E6'),
(75, 'E6'),
(76, 'A1'),
(77, 'B1'),
(78, 'D1'),
(79, 'D5'),
(80, 'D1'),
(81, 'D1'),
(82, 'E6'),
(83, 'D6'),
(84, 'D6'),
(85, 'D1');

-- --------------------------------------------------------

--
-- Table structure for table `status`
--

CREATE TABLE `status` (
  `statusID` int(5) NOT NULL,
  `statusName` varchar(40) NOT NULL
) ENGINE=InnoDB DEFAULT CHARSET=utf8mb4 COLLATE=utf8mb4_general_ci;

--
-- Dumping data for table `status`
--

INSERT INTO `status` (`statusID`, `statusName`) VALUES
(1, ''),
(2, ''),
(3, ''),
(4, ''),
(5, '');

-- --------------------------------------------------------

--
-- Table structure for table `students`
--

CREATE TABLE `students` (
  `stdID` int(10) NOT NULL,
  `stdUserName` varchar(11) NOT NULL,
  `stdPass` varchar(13) NOT NULL,
  `stdFirstName` varchar(40) NOT NULL,
  `stdLastName` varchar(40) NOT NULL,
  `statusID` varchar(5) NOT NULL,
  `groupID` int(11) NOT NULL,
  `tel` varchar(10) NOT NULL,
  `email` varchar(40) NOT NULL,
  `profilePic` varchar(50) NOT NULL
) ENGINE=InnoDB DEFAULT CHARSET=utf8mb4 COLLATE=utf8mb4_general_ci;

--
-- Dumping data for table `students`
--

INSERT INTO `students` (`stdID`, `stdUserName`, `stdPass`, `stdFirstName`, `stdLastName`, `statusID`, `groupID`, `tel`, `email`, `profilePic`) VALUES
(69, '66309010015', '1234', '', '', '1', 1, '', '', 'profile.png'),
(70, '66309010016', '1234', '', '', '1', 1, '', '', 'profile.png'),
(71, '66309010017', '1234', '', '', '1', 1, '', '', 'profile.png'),
(72, '66309010019', '1234', '', '', '1', 1, '', '', 'profile.png'),
(73, '66309010020', '1234', '', '', '1', 1, '', '', '73_1738743518457.png'),
(74, '66309010021', '1234', '', '', '1', 1, '', '', 'profile.png'),
(75, '66309010022', '1234', '', '', '1', 1, '', '', 'profile.png'),
(76, '66309010023', '1234', '', '', '1', 1, '', '', 'profile.png'),
(77, '66309010024', '1234', '', '', '2', 1, '', '', '77_1738727348497.png'),
(78, '66309010025', '1234', '', '', '1', 1, '0646853289', '66309010025@ccollege.ac.th', '78_1739856278922.png'),
(79, '66309010026', '1234', '', '', '1', 1, '', '', 'profile.png'),
(80, '66309010028', '1234', '', '', '2', 1, '', '', '80_1738813173874.png'),
(81, '66309010029', '1234', '', '', '1', 1, '', '', '81_1738740504319.png'),
(82, '66309010030', '1234', '', '', '1', 1, '', '', '82_1738813129067.png'),
(83, '66309010031', '1234', '', '', '1', 1, '', '', '83_1738740107131.png'),
(84, '66309010032', '1235', '', '', '1', 1, '', '', 'profile.png'),
(85, '66309010036', '1236', '', '', '1', 1, '', '', 'profile.png'),
(86, '66309010037', '1237', '', '', '1', 1, '', '', 'profile.png'),
(87, '66309010001', '1234', '', '', '1', 3, '', '', 'profile.png'),
(88, '66309010002', '1234', '', '', '1', 3, '', '', 'profile.png'),
(89, '66309010005', '1234', '', '', '1', 3, '', '', 'profile.png'),
(90, '66309010006', '1234', '', '', '1', 3, '', '', 'profile.png'),
(91, '66309010007', '1234', '', '', '1', 3, '', '', 'profile.png'),
(92, '66309010008', '1234', '', '', '1', 3, '', '', 'profile.png'),
(93, '66309010011', '1234', '', '', '1', 3, '', '', 'profile.png'),
(94, '66309010012', '1234', '', '', '1', 3, '', '', 'profile.png'),
(95, '66309010034', '1234', '', '', '1', 3, '', '', 'profile.png'),
(96, '67319010024', '1234', '', '', '1', 40, '', '', 'profile.png'),
(97, '67319010025', '1234', '', '', '1', 40, '', '', 'profile.png'),
(98, '67319010026', '1234', '', '', '1', 40, '', '', 'profile.png'),
(99, '67319010027', '1234', '', '', '1', 40, '', '', 'profile.png'),
(100, '67319010029', '1234', '', '', '1', 40, '', '', 'profile.png'),
(101, '67319010030', '1234', '', '', '1', 40, '', '', 'profile.png'),
(102, '67319010033', '1234', '', '', '1', 40, '', '', 'profile.png'),
(103, '67319010034', '1234', '', '', '1', 40, '', '', 'profile.png'),
(104, '67319010035', '1234', '', '', '1', 40, '', '', 'profile.png'),
(105, '67319010036', '1234', '', '', '1', 40, '', '', 'profile.png'),
(106, '67319010037', '1234', '', '', '1', 40, '', '', 'profile.png'),
(107, '67319010041', '1234', '', '', '1', 40, '', '', 'profile.png'),
(158, '67319010001', '1234', '', '', '1', 46, '', '', 'profile.png'),
(159, '67319010002', '1234', '', '', '1', 46, '', '', 'profile.png'),
(160, '67319010003', '1234', '', '', '1', 46, '', '', 'profile.png'),
(161, '67319010004', '1234', '', '', '1', 46, '', '', 'profile.png'),
(162, '67319010005', '1234', '', '', '1', 46, '', '', 'profile.png'),
(163, '67319010006', '1234', '', '', '1', 46, '', '', 'profile.png'),
(164, '67319010007', '1234', '', '', '1', 46, '', '', 'profile.png'),
(165, '67319010008', '1234', '', '', '1', 46, '', '', 'profile.png'),
(166, '67319010009', '1234', '', '', '1', 46, '', '', 'profile.png'),
(167, '67319010010', '1234', '', '', '1', 46, '', '', 'profile.png'),
(168, '67319010011', '1234', '', '', '1', 46, '', '', 'profile.png'),
(169, '67319010012', '1234', '', '', '1', 46, '', '', 'profile.png'),
(170, '67319010013', '1234', '', '', '1', 46, '', '', 'profile.png'),
(171, '67319010014', '1234', '', '', '1', 46, '', '', 'profile.png'),
(172, '67319010015', '1234', '', '', '1', 46, '', '', 'profile.png'),
(173, '67319010016', '1234', '', '', '1', 46, '', '', 'profile.png'),
(174, '67319010017', '1234', '', '', '1', 46, '', '', 'profile.png'),
(175, '67319010018', '1234', '', '', '1', 46, '', '', 'profile.png'),
(176, '67319010020', '1234', '', '', '1', 46, '', '', 'profile.png'),
(177, '67319010021', '1234', '', '', '1', 46, '', '', 'profile.png'),
(178, '67319010022', '1234', '', '', '1', 46, '', '', 'profile.png'),
(179, '67319010023', '1234', '', '', '1', 46, '', '', 'profile.png'),
(180, '67319010038', '1234', '', '', '1', 46, '', '', 'profile.png'),
(181, '67319010039', '1234', '', '', '1', 46, '', '', 'profile.png'),
(182, '67319010040', '1234', '', '', '1', 46, '', '', 'profile.png');

-- --------------------------------------------------------

--
-- Table structure for table `teachers`
--

CREATE TABLE `teachers` (
  `adviserID` int(10) NOT NULL,
  `teacherUserName` varchar(30) NOT NULL,
  `teacherPass` varchar(30) NOT NULL,
  `teacherFirstName` varchar(40) NOT NULL,
  `teacherLastName` varchar(40) NOT NULL,
  `statusID` varchar(5) NOT NULL,
  `tel` varchar(10) NOT NULL,
  `email` varchar(40) NOT NULL,
  `profilePic` varchar(50) NOT NULL
) ENGINE=InnoDB DEFAULT CHARSET=utf8mb4 COLLATE=utf8mb4_general_ci;

--
-- Dumping data for table `teachers`
--

INSERT INTO `teachers` (`adviserID`, `teacherUserName`, `teacherPass`, `teacherFirstName`, `teacherLastName`, `statusID`, `tel`, `email`, `profilePic`) VALUES
(0, '', '', '', '', '4', '', '', 'profile.png'),
(1, 'teacherE1', '1234', '', '', '4', '0812345678', 'krunam@gmail.com', '1_1738695266696.png'),
(5, 'teacherE5', '1234', '', '', '4', '0987654321', '', '5_1738811958188.png'),
(44, 'teacherD5', '1234', '', '', '4', '', '', 'profile.png'),
(46, 'teacherD1', '1234', '', '', '4', '', '', 'profile.png');

-- --------------------------------------------------------

--
-- Table structure for table `year`
--

CREATE TABLE `year` (
  `yearID` int(11) NOT NULL,
  `term` varchar(20) NOT NULL
) ENGINE=InnoDB DEFAULT CHARSET=utf8mb4 COLLATE=utf8mb4_general_ci;

--
-- Dumping data for table `year`
--

INSERT INTO `year` (`yearID`, `term`) VALUES
(1, '2/2567');

--
-- Indexes for dumped tables
--

--
-- Indexes for table `activity`
--
ALTER TABLE `activity`
  ADD PRIMARY KEY (`checkID`);

--
-- Indexes for table `admins`
--
ALTER TABLE `admins`
  ADD PRIMARY KEY (`adminUserName`);

--
-- Indexes for table `branch`
--
ALTER TABLE `branch`
  ADD PRIMARY KEY (`branchID`);

--
-- Indexes for table `date`
--
ALTER TABLE `date`
  ADD PRIMARY KEY (`dateID`);

--
-- Indexes for table `department`
--
ALTER TABLE `department`
  ADD PRIMARY KEY (`depID`);

--
-- Indexes for table `group`
--
ALTER TABLE `group`
  ADD PRIMARY KEY (`groupID`);

--
-- Indexes for table `img`
--
ALTER TABLE `img`
  ADD PRIMARY KEY (`imgID`);

--
-- Indexes for table `room`
--
ALTER TABLE `room`
  ADD PRIMARY KEY (`roomID`);

--
-- Indexes for table `status`
--
ALTER TABLE `status`
  ADD PRIMARY KEY (`statusID`);

--
-- Indexes for table `students`
--
ALTER TABLE `students`
  ADD PRIMARY KEY (`stdID`),
  ADD UNIQUE KEY `stdUserName` (`stdUserName`);

--
-- Indexes for table `teachers`
--
ALTER TABLE `teachers`
  ADD PRIMARY KEY (`adviserID`);

--
-- Indexes for table `year`
--
ALTER TABLE `year`
  ADD PRIMARY KEY (`yearID`);

--
-- AUTO_INCREMENT for dumped tables
--

--
-- AUTO_INCREMENT for table `activity`
--
ALTER TABLE `activity`
  MODIFY `checkID` int(11) NOT NULL AUTO_INCREMENT, AUTO_INCREMENT=1828;

--
-- AUTO_INCREMENT for table `branch`
--
ALTER TABLE `branch`
  MODIFY `branchID` int(11) NOT NULL AUTO_INCREMENT, AUTO_INCREMENT=2;

--
-- AUTO_INCREMENT for table `date`
--
ALTER TABLE `date`
  MODIFY `dateID` int(11) NOT NULL AUTO_INCREMENT, AUTO_INCREMENT=141;

--
-- AUTO_INCREMENT for table `department`
--
ALTER TABLE `department`
  MODIFY `depID` int(11) NOT NULL AUTO_INCREMENT, AUTO_INCREMENT=2;

--
-- AUTO_INCREMENT for table `group`
--
ALTER TABLE `group`
  MODIFY `groupID` int(11) NOT NULL AUTO_INCREMENT, AUTO_INCREMENT=47;

--
-- AUTO_INCREMENT for table `img`
--
ALTER TABLE `img`
  MODIFY `imgID` int(11) NOT NULL AUTO_INCREMENT, AUTO_INCREMENT=101;

--
-- AUTO_INCREMENT for table `room`
--
ALTER TABLE `room`
  MODIFY `roomID` int(11) NOT NULL AUTO_INCREMENT, AUTO_INCREMENT=86;

--
-- AUTO_INCREMENT for table `students`
--
ALTER TABLE `students`
  MODIFY `stdID` int(10) NOT NULL AUTO_INCREMENT, AUTO_INCREMENT=183;

--
-- AUTO_INCREMENT for table `teachers`
--
ALTER TABLE `teachers`
  MODIFY `adviserID` int(10) NOT NULL AUTO_INCREMENT, AUTO_INCREMENT=47;

--
-- AUTO_INCREMENT for table `year`
--
ALTER TABLE `year`
  MODIFY `yearID` int(11) NOT NULL AUTO_INCREMENT, AUTO_INCREMENT=2;
COMMIT;

/*!40101 SET CHARACTER_SET_CLIENT=@OLD_CHARACTER_SET_CLIENT */;
/*!40101 SET CHARACTER_SET_RESULTS=@OLD_CHARACTER_SET_RESULTS */;
/*!40101 SET COLLATION_CONNECTION=@OLD_COLLATION_CONNECTION */;
